"","hitid","hittypeid","title","description","keywords","reward","creationtime","assignments","numavailable","numpending","numcomplete","hitstatus","reviewstatus","annotation","assignmentduration","autoapprovaldelay","hitlifetime","viewhit","assignmentid","assignmentstatus","autoapprovaltime","assignmentaccepttime","assignmentsubmittime","assignmentapprovaltime","assignmentrejecttime","deadline","feedback","reject","Answer.questionType","Answer.rating54","Answer.rating57","Answer.ratingcircuit","Answer.rating32","Answer.rating26","Answer.rating22","Answer.rating19","Answer.rating18","Answer.rating11","Answer.rating12","Answer.ratingball","Answer.rating6","Answer.rating50","Answer.rating47","Answer.rating43","Answer.rating33","Answer.rating25","Answer.rating28","Answer.rating21","Answer.rating7","Answer.rating8","Answer.rating52","Answer.rating48","Answer.rating16","Answer.rating14","Answer.rating1","Answer.rating3","Answer.rating42","Answer.rating39","Answer.rating30","Answer.rating23","Answer.rating17","Answer.rating53","Answer.rating40","Answer.rating31","Answer.rating5","Answer.rating59","Answer.rating56","Answer.rating34","Answer.rating20","Answer.rating2","Answer.rating51","Answer.rating27","Answer.rating55","Answer.rating46","Answer.rating44","Answer.rating13","Answer.rating58","Answer.rating36","Answer.rating24","Answer.rating9","Answer.rating41","Answer.rating38","Answer.rating4","Answer.rating60","Answer.rating49","Answer.rating45","Answer.rating37","Answer.rating15","Answer.rating10","Answer.rating29","Answer.rating35","workerid"
"1","2RT6BFMFFOYY1M7TFK4GKSC224NYLC","2YUXERSQV66R4INIP88V2AVKIJK2AG","How would you rate this picture? (2 mins)","Short 2-minute rating game.","experiment, psychology, game","$0.15","Tue Apr 30 11:48:41 PDT 2013",60,0,0,0,"Reviewable","NotReviewed","1 alien-artifacts",600,1296000,"Tue May 07 11:48:41 PDT 2013","http://requester.mturk.com/mturk/manageHIT?HITId=2RT6BFMFFOYY1M7TFK4GKSC224NYLC","2ZBWKUDD8XMBMJ99V5260TOAF97CNT","Submitted","Wed May 15 12:16:25 PDT 2013","Tue Apr 30 12:15:38 PDT 2013","Tue Apr 30 12:16:25 PDT 2013",NA,NA,NA,NA,NA,"""complicated""","0.24331550802139038","0.7620320855614974","1","0.9973262032085561","0.893048128342246","0.232620320855615","0.0374331550802139","0.9358288770053476","0.4144385026737968","0.21122994652406418","0","0.12032085561497326","","","","","","",NA,"","","","","",NA,"","",NA,"","","","","","","","","","","","","","",NA,"","","","","","","","","","","","","","","","","","","","1"
"2","2RT6BFMFFOYY1M7TFK4GKSC224NYLC","2YUXERSQV66R4INIP88V2AVKIJK2AG","How would you rate this picture? (2 mins)","Short 2-minute rating game.","experiment, psychology, game","$0.15","Tue Apr 30 11:48:41 PDT 2013",60,0,0,0,"Reviewable","NotReviewed","1 alien-artifacts",600,1296000,"Tue May 07 11:48:41 PDT 2013","http://requester.mturk.com/mturk/manageHIT?HITId=2RT6BFMFFOYY1M7TFK4GKSC224NYLC","2YI1SNQQ7Q67JY7QGHER72TUY6QT9U","Submitted","Wed May 15 12:19:06 PDT 2013","Tue Apr 30 12:18:00 PDT 2013","Tue Apr 30 12:19:06 PDT 2013",NA,NA,NA,NA,NA,"""complicated""","","","0.7566844919786097","","","","","0.5","","","0.24598930481283424","","0.27807486631016043","0.5909090909090909","0.5802139037433155","0.45989304812834225","0.37967914438502676","0.0962566844919786",0.5,"0.4679144385026738","0.18449197860962566","","","",NA,"","",NA,"","","","","","","","","","","","","","",NA,"","","","","","","","","","","","","","","","","","","","2"
"3","2RT6BFMFFOYY1M7TFK4GKSC224NYLC","2YUXERSQV66R4INIP88V2AVKIJK2AG","How would you rate this picture? (2 mins)","Short 2-minute rating game.","experiment, psychology, game","$0.15","Tue Apr 30 11:48:41 PDT 2013",60,0,0,0,"Reviewable","NotReviewed","1 alien-artifacts",600,1296000,"Tue May 07 11:48:41 PDT 2013","http://requester.mturk.com/mturk/manageHIT?HITId=2RT6BFMFFOYY1M7TFK4GKSC224NYLC","20H6AUC26DG6Q67XZ0RFQ0CS67DB4R","Submitted","Wed May 15 12:20:21 PDT 2013","Tue Apr 30 12:19:03 PDT 2013","Tue Apr 30 12:20:21 PDT 2013",NA,NA,NA,NA,NA,"""complicated""","","","0.9786096256684492","0.7754010695187166","","","","","","","0.06951871657754011","","","0.6470588235294118","","","","",0.745989304812834,"","0.2620320855614973","0.8074866310160428","1","0.35561497326203206",1,"0.56951871657754","0",NA,"","","","","","","","","","","","","","",NA,"","","","","","","","","","","","","","","","","","","","3"
"4","2RT6BFMFFOYY1M7TFK4GKSC224NYLC","2YUXERSQV66R4INIP88V2AVKIJK2AG","How would you rate this picture? (2 mins)","Short 2-minute rating game.","experiment, psychology, game","$0.15","Tue Apr 30 11:48:41 PDT 2013",60,0,0,0,"Reviewable","NotReviewed","1 alien-artifacts",600,1296000,"Tue May 07 11:48:41 PDT 2013","http://requester.mturk.com/mturk/manageHIT?HITId=2RT6BFMFFOYY1M7TFK4GKSC224NYLC","22FQQ7Q670519DINN6TTWC118LBWC4","Submitted","Wed May 15 12:20:21 PDT 2013","Tue Apr 30 12:19:46 PDT 2013","Tue Apr 30 12:20:21 PDT 2013",NA,NA,NA,NA,NA,"""complicated""","","","0.7058823529411765","","0.5855614973262032","","","0.6844919786096256","","","0.22459893048128343","","","0.6149732620320856","","0.8529411764705882","","0.3689839572192513",NA,"","","","","",NA,"","",0.419786096256685,"0.553475935828877","0.5561497326203209","0.9171122994652406","0.7032085561497327","","","","","","","","","","",NA,"","","","","","","","","","","","","","","","","","","","4"
"5","2RT6BFMFFOYY1M7TFK4GKSC224NYLC","2YUXERSQV66R4INIP88V2AVKIJK2AG","How would you rate this picture? (2 mins)","Short 2-minute rating game.","experiment, psychology, game","$0.15","Tue Apr 30 11:48:41 PDT 2013",60,0,0,0,"Reviewable","NotReviewed","1 alien-artifacts",600,1296000,"Tue May 07 11:48:41 PDT 2013","http://requester.mturk.com/mturk/manageHIT?HITId=2RT6BFMFFOYY1M7TFK4GKSC224NYLC","2AJYNJ92NJKMJYHMFYLH4W2KFU37CE","Submitted","Wed May 15 12:24:26 PDT 2013","Tue Apr 30 12:23:07 PDT 2013","Tue Apr 30 12:24:26 PDT 2013",NA,NA,NA,NA,NA,"""complicated""","0.43315508021390375","","0.8983957219251337","","","","","0.4304812834224599","","0.45989304812834225","0.7058823529411765","","0.8368983957219251","","","","","",NA,"0.767379679144385","","","","",NA,"","",NA,"","","","","0.786096256684492","0.46524064171123","0.820855614973262","0.6764705882352942","0.3502673796791444","","","","","",NA,"","","","","","","","","","","","","","","","","","","","5"
"6","2RT6BFMFFOYY1M7TFK4GKSC224NYLC","2YUXERSQV66R4INIP88V2AVKIJK2AG","How would you rate this picture? (2 mins)","Short 2-minute rating game.","experiment, psychology, game","$0.15","Tue Apr 30 11:48:41 PDT 2013",60,0,0,0,"Reviewable","NotReviewed","1 alien-artifacts",600,1296000,"Tue May 07 11:48:41 PDT 2013","http://requester.mturk.com/mturk/manageHIT?HITId=2RT6BFMFFOYY1M7TFK4GKSC224NYLC","23Q24E6AUBXHFLN7BQ091BZ0ZWFW0C","Submitted","Wed May 15 12:25:37 PDT 2013","Tue Apr 30 12:25:00 PDT 2013","Tue Apr 30 12:25:37 PDT 2013",NA,NA,NA,NA,NA,"""complicated""","0.2647058823529412","","0.8475935828877005","","","","","","0.786096256684492","0.6524064171122995","0.15240641711229946","","","","","","0.8663101604278075","",NA,"","","","","0.660427807486631",NA,"","",NA,"","","","","","","","0.4090909090909091","","0.713903743315508","0.7032085561497327","0.3422459893048128","0.7085561497326203","",NA,"","","","","","","","","","","","","","","","","","","","6"
"7","2RT6BFMFFOYY1M7TFK4GKSC224NYLC","2YUXERSQV66R4INIP88V2AVKIJK2AG","How would you rate this picture? (2 mins)","Short 2-minute rating game.","experiment, psychology, game","$0.15","Tue Apr 30 11:48:41 PDT 2013",60,0,0,0,"Reviewable","NotReviewed","1 alien-artifacts",600,1296000,"Tue May 07 11:48:41 PDT 2013","http://requester.mturk.com/mturk/manageHIT?HITId=2RT6BFMFFOYY1M7TFK4GKSC224NYLC","2BP3V0FK0COKLCK1ICGKQ9LVIBJHOO","Submitted","Wed May 15 12:27:42 PDT 2013","Tue Apr 30 12:26:34 PDT 2013","Tue Apr 30 12:27:42 PDT 2013",NA,NA,NA,NA,NA,"""complicated""","","","0.9705882352941176","","","0.4197860962566845","","","","","0.0374331550802139","","","","0.606951871657754","","","",NA,"","","","","",NA,"0.4144385026737968","",NA,"0.7459893048128342","","","0.4144385026737968","","","","0.5828877005347594","","","0.38235294117647056","0.21657754010695188","","0.7566844919786097",0.679144385026738,"","","","","","","","","","","","","","","","","","","","7"
"8","2RT6BFMFFOYY1M7TFK4GKSC224NYLC","2YUXERSQV66R4INIP88V2AVKIJK2AG","How would you rate this picture? (2 mins)","Short 2-minute rating game.","experiment, psychology, game","$0.15","Tue Apr 30 11:48:41 PDT 2013",60,0,0,0,"Reviewable","NotReviewed","1 alien-artifacts",600,1296000,"Tue May 07 11:48:41 PDT 2013","http://requester.mturk.com/mturk/manageHIT?HITId=2RT6BFMFFOYY1M7TFK4GKSC224NYLC","2MOA6X3YOCCFJ5V5G2GTONIMJ3BPQ9","Submitted","Wed May 15 12:27:49 PDT 2013","Tue Apr 30 12:27:01 PDT 2013","Tue Apr 30 12:27:49 PDT 2013",NA,NA,NA,NA,NA,"""complicated""","","","1","","","0.6417112299465241","","","1","","0.045454545454545456","","","","","","","",NA,"","","","0.28342245989304815","",NA,"","",NA,"","","","","","","0.7834224598930482","","","","","","0.6497326203208557","",NA,"0.13903743315508021","0.5320855614973262","0.9117647058823529","0.3235294117647059","0","","","","","","","","","","","","","","","8"
"9","2RT6BFMFFOYY1M7TFK4GKSC224NYLC","2YUXERSQV66R4INIP88V2AVKIJK2AG","How would you rate this picture? (2 mins)","Short 2-minute rating game.","experiment, psychology, game","$0.15","Tue Apr 30 11:48:41 PDT 2013",60,0,0,0,"Reviewable","NotReviewed","1 alien-artifacts",600,1296000,"Tue May 07 11:48:41 PDT 2013","http://requester.mturk.com/mturk/manageHIT?HITId=2RT6BFMFFOYY1M7TFK4GKSC224NYLC","2VOSBRI8IUB2HNF8FMJTRB3PMK64G2","Submitted","Wed May 15 12:27:55 PDT 2013","Tue Apr 30 12:26:48 PDT 2013","Tue Apr 30 12:27:55 PDT 2013",NA,NA,NA,NA,NA,"""complicated""","","","0.8529411764705882","","","","0.24866310160427807","","","","0.07219251336898395","","0.5133689839572193","","","","","0.21657754010695188",NA,"","","0.6470588235294118","","",NA,"","",NA,"","0.37967914438502676","","","","","","","","","","","","",NA,"0.17647058823529413","0.15240641711229946","","","","0.820855614973262","0.6363636363636364","0.6149732620320856","","","","","","","","","","","","9"
"10","2RT6BFMFFOYY1M7TFK4GKSC224NYLC","2YUXERSQV66R4INIP88V2AVKIJK2AG","How would you rate this picture? (2 mins)","Short 2-minute rating game.","experiment, psychology, game","$0.15","Tue Apr 30 11:48:41 PDT 2013",60,0,0,0,"Reviewable","NotReviewed","1 alien-artifacts",600,1296000,"Tue May 07 11:48:41 PDT 2013","http://requester.mturk.com/mturk/manageHIT?HITId=2RT6BFMFFOYY1M7TFK4GKSC224NYLC","2DGH1XERSQV6PKRPDNK3NVWEHPE083","Submitted","Wed May 15 12:28:11 PDT 2013","Tue Apr 30 12:27:32 PDT 2013","Tue Apr 30 12:28:11 PDT 2013",NA,NA,NA,NA,NA,"""complicated""","0.18181818181818182","","1","","","","","","","","0.18181818181818182","","","","","","","",NA,"","","","","0.3048128342245989",0.823529411764706,"","",NA,"","0.37433155080213903","","0.37967914438502676","","","","0.33689839572192515","","","","","","0.6016042780748663",NA,"","","0.16844919786096257","","","","","0.339572192513369","0.5","","","","","","","","","","","10"
"11","2RT6BFMFFOYY1M7TFK4GKSC224NYLC","2YUXERSQV66R4INIP88V2AVKIJK2AG","How would you rate this picture? (2 mins)","Short 2-minute rating game.","experiment, psychology, game","$0.15","Tue Apr 30 11:48:41 PDT 2013",60,0,0,0,"Reviewable","NotReviewed","1 alien-artifacts",600,1296000,"Tue May 07 11:48:41 PDT 2013","http://requester.mturk.com/mturk/manageHIT?HITId=2RT6BFMFFOYY1M7TFK4GKSC224NYLC","2YVW5XH0JPPS1VQYAUCSV75O7R1FL7","Submitted","Wed May 15 12:28:39 PDT 2013","Tue Apr 30 12:27:42 PDT 2013","Tue Apr 30 12:28:39 PDT 2013",NA,NA,NA,NA,NA,"""complicated""","","0.3235294117647059","0.8529411764705882","","","0.10962566844919786","","","","","0.18716577540106952","","","","","","","0.11229946524064172",NA,"0.0855614973262032","","","","",NA,"","",NA,"","","","0.46524064171123","0.7486631016042781","","","","","","","","","",NA,"","","0.40106951871657753","","","","","","","0.9411764705882353","0.09893048128342247","0.32620320855614976","","","","","","","","11"
"12","2RT6BFMFFOYY1M7TFK4GKSC224NYLC","2YUXERSQV66R4INIP88V2AVKIJK2AG","How would you rate this picture? (2 mins)","Short 2-minute rating game.","experiment, psychology, game","$0.15","Tue Apr 30 11:48:41 PDT 2013",60,0,0,0,"Reviewable","NotReviewed","1 alien-artifacts",600,1296000,"Tue May 07 11:48:41 PDT 2013","http://requester.mturk.com/mturk/manageHIT?HITId=2RT6BFMFFOYY1M7TFK4GKSC224NYLC","2AKPW1INMHGY9XP3JF26HFMJ1TTI5D","Submitted","Wed May 15 12:28:49 PDT 2013","Tue Apr 30 12:28:16 PDT 2013","Tue Apr 30 12:28:49 PDT 2013",NA,NA,NA,NA,NA,"""complicated""","","","0.8957219251336899","","0.9224598930481284","0.40641711229946526","","0.9278074866310161","","","0","","","0.5588235294117647","","","0.679144385026738","",NA,"","","","","",NA,"","",NA,"","","","","","","","","","","","0.18449197860962566","","",NA,"","","","","","1","","0.732620320855615","","","","","0.39037433155080214","0.6096256684491979","","","","","","12"
"13","2RT6BFMFFOYY1M7TFK4GKSC224NYLC","2YUXERSQV66R4INIP88V2AVKIJK2AG","How would you rate this picture? (2 mins)","Short 2-minute rating game.","experiment, psychology, game","$0.15","Tue Apr 30 11:48:41 PDT 2013",60,0,0,0,"Reviewable","NotReviewed","1 alien-artifacts",600,1296000,"Tue May 07 11:48:41 PDT 2013","http://requester.mturk.com/mturk/manageHIT?HITId=2RT6BFMFFOYY1M7TFK4GKSC224NYLC","2PVQ0JG5TYMNVP4B0E69YSSLJ6XGK5","Submitted","Wed May 15 12:28:55 PDT 2013","Tue Apr 30 12:28:32 PDT 2013","Tue Apr 30 12:28:55 PDT 2013",NA,NA,NA,NA,NA,"""complicated""","","","0.9598930481283422","0.7219251336898396","","","","0.6631016042780749","","","0.08288770053475936","","","","","0.606951871657754","0.7165775401069518","",NA,"","0.5909090909090909","","","",NA,"","",NA,"","","","","0.4144385026737968","","","","","","","","0.4144385026737968","",NA,"","","","","0.16042780748663102","","","","","","0.3074866310160428","","","0.5775401069518716","","","","","","13"
"14","2RT6BFMFFOYY1M7TFK4GKSC224NYLC","2YUXERSQV66R4INIP88V2AVKIJK2AG","How would you rate this picture? (2 mins)","Short 2-minute rating game.","experiment, psychology, game","$0.15","Tue Apr 30 11:48:41 PDT 2013",60,0,0,0,"Reviewable","NotReviewed","1 alien-artifacts",600,1296000,"Tue May 07 11:48:41 PDT 2013","http://requester.mturk.com/mturk/manageHIT?HITId=2RT6BFMFFOYY1M7TFK4GKSC224NYLC","22KZVXX2Q45UDDWOULEI21NWUTBQ8Q","Submitted","Wed May 15 12:29:00 PDT 2013","Tue Apr 30 12:27:58 PDT 2013","Tue Apr 30 12:29:00 PDT 2013",NA,NA,NA,NA,NA,"""complicated""","","","0.7272727272727273","","","","","","","","0.22459893048128343","","","","","","","",NA,"","0.45187165775401067","0.5614973262032086","0.5","",NA,"","",NA,"","","","","0.5614973262032086","","0.5","0.446524064171123","","","","","","0.6042780748663101",NA,"0.39037433155080214","0.39037433155080214","","","","","","","","","","","0.30213903743315507","","","","","","","14"
"15","2RT6BFMFFOYY1M7TFK4GKSC224NYLC","2YUXERSQV66R4INIP88V2AVKIJK2AG","How would you rate this picture? (2 mins)","Short 2-minute rating game.","experiment, psychology, game","$0.15","Tue Apr 30 11:48:41 PDT 2013",60,0,0,0,"Reviewable","NotReviewed","1 alien-artifacts",600,1296000,"Tue May 07 11:48:41 PDT 2013","http://requester.mturk.com/mturk/manageHIT?HITId=2RT6BFMFFOYY1M7TFK4GKSC224NYLC","2OJSQV66RLPH1M9HR11VQI669OLD56","Submitted","Wed May 15 12:29:09 PDT 2013","Tue Apr 30 12:28:21 PDT 2013","Tue Apr 30 12:29:09 PDT 2013",NA,NA,NA,NA,NA,"""complicated""","","0.344","0.9466666666666667","","0.5813333333333334","","","","","","0.36","","0.6053333333333333","","0.848","0.808","","",NA,"","","","","",NA,"","",0.5,"","","","","","","","","","","","","","",NA,"","","0.16266666666666665","","0.6426666666666667","","","","0.9093333333333333","","","","0.3546666666666667","","","","","","","15"
"16","2RT6BFMFFOYY1M7TFK4GKSC224NYLC","2YUXERSQV66R4INIP88V2AVKIJK2AG","How would you rate this picture? (2 mins)","Short 2-minute rating game.","experiment, psychology, game","$0.15","Tue Apr 30 11:48:41 PDT 2013",60,0,0,0,"Reviewable","NotReviewed","1 alien-artifacts",600,1296000,"Tue May 07 11:48:41 PDT 2013","http://requester.mturk.com/mturk/manageHIT?HITId=2RT6BFMFFOYY1M7TFK4GKSC224NYLC","2EYUXFCD45XCXMTDOSKKON3X2UZXVZ","Submitted","Wed May 15 12:29:14 PDT 2013","Tue Apr 30 12:28:48 PDT 2013","Tue Apr 30 12:29:14 PDT 2013",NA,NA,NA,NA,NA,"""complicated""","","","0.8074866310160428","0.42245989304812837","","","","","","","0.16844919786096257","","","0.5882352941176471","","","","",NA,"0.5748663101604278","0.2914438502673797","0.6978609625668449","","",NA,"","",NA,"","","","","","","","","","","","","","0.8342245989304813",0.684491978609626,"","","","","","","","","","","","","","","0.43315508021390375","0.28342245989304815","0.31283422459893045","","","16"
"17","2RT6BFMFFOYY1M7TFK4GKSC224NYLC","2YUXERSQV66R4INIP88V2AVKIJK2AG","How would you rate this picture? (2 mins)","Short 2-minute rating game.","experiment, psychology, game","$0.15","Tue Apr 30 11:48:41 PDT 2013",60,0,0,0,"Reviewable","NotReviewed","1 alien-artifacts",600,1296000,"Tue May 07 11:48:41 PDT 2013","http://requester.mturk.com/mturk/manageHIT?HITId=2RT6BFMFFOYY1M7TFK4GKSC224NYLC","2G5G67D1X3V0YD6CKPTJK1MBBPFIBE","Submitted","Wed May 15 12:29:44 PDT 2013","Tue Apr 30 12:28:59 PDT 2013","Tue Apr 30 12:29:44 PDT 2013",NA,NA,NA,NA,NA,"""complicated""","","","0.8315508021390374","","","","","","","","0.07754010695187166","","","0.3582887700534759","","","","",NA,"","","","","",NA,"","",NA,"","","0.6443850267379679","","0.6363636363636364","","","0.5","0.5","","","","0.767379679144385","0.5",NA,"","","0.17914438502673796","","","","0.20855614973262032","","","","","","","0.5","","","","","","17"
"18","2RT6BFMFFOYY1M7TFK4GKSC224NYLC","2YUXERSQV66R4INIP88V2AVKIJK2AG","How would you rate this picture? (2 mins)","Short 2-minute rating game.","experiment, psychology, game","$0.15","Tue Apr 30 11:48:41 PDT 2013",60,0,0,0,"Reviewable","NotReviewed","1 alien-artifacts",600,1296000,"Tue May 07 11:48:41 PDT 2013","http://requester.mturk.com/mturk/manageHIT?HITId=2RT6BFMFFOYY1M7TFK4GKSC224NYLC","2ZOZ9RNDWIOVKLDSJ84TMU17KIUFU1","Submitted","Wed May 15 12:30:00 PDT 2013","Tue Apr 30 12:29:15 PDT 2013","Tue Apr 30 12:30:00 PDT 2013",NA,NA,NA,NA,NA,"""complicated""","0.13636363636363635","0.034759358288770054","0.9171122994652406","0.5374331550802139","","","","","","","0.1497326203208556","","","","","","","",NA,"","","","","",NA,"0.24331550802139038","",NA,"","","","","","","","","","","","0.13368983957219252","","",0.804812834224599,"","","","0.45989304812834225","","","","","","0.5668449197860963","0.37433155080213903","","","","","","","0.1711229946524064","","18"
"19","2RT6BFMFFOYY1M7TFK4GKSC224NYLC","2YUXERSQV66R4INIP88V2AVKIJK2AG","How would you rate this picture? (2 mins)","Short 2-minute rating game.","experiment, psychology, game","$0.15","Tue Apr 30 11:48:41 PDT 2013",60,0,0,0,"Reviewable","NotReviewed","1 alien-artifacts",600,1296000,"Tue May 07 11:48:41 PDT 2013","http://requester.mturk.com/mturk/manageHIT?HITId=2RT6BFMFFOYY1M7TFK4GKSC224NYLC","2CEIKMN9U8P9HWETS1OI9SU24RVTCD","Submitted","Wed May 15 12:30:05 PDT 2013","Tue Apr 30 12:29:40 PDT 2013","Tue Apr 30 12:30:05 PDT 2013",NA,NA,NA,NA,NA,"""complicated""","","","1","","","","","","","","0","","","","","","0.5","",NA,"","0.2700534759358289","0.8449197860962567","","",1,"","0",NA,"","","","","","","","","","","0.14171122994652408","","","0.15240641711229946",NA,"","","","","0.8048128342245989","","","","","0.660427807486631","","","0.2647058823529412","","","","","","","19"
"20","2RT6BFMFFOYY1M7TFK4GKSC224NYLC","2YUXERSQV66R4INIP88V2AVKIJK2AG","How would you rate this picture? (2 mins)","Short 2-minute rating game.","experiment, psychology, game","$0.15","Tue Apr 30 11:48:41 PDT 2013",60,0,0,0,"Reviewable","NotReviewed","1 alien-artifacts",600,1296000,"Tue May 07 11:48:41 PDT 2013","http://requester.mturk.com/mturk/manageHIT?HITId=2RT6BFMFFOYY1M7TFK4GKSC224NYLC","28TTHV8ER9Y8CGQII4JMBKFLE7K3QC","Submitted","Wed May 15 12:30:23 PDT 2013","Tue Apr 30 12:29:51 PDT 2013","Tue Apr 30 12:30:23 PDT 2013",NA,NA,NA,NA,NA,"""complicated""","","","0.7540106951871658","","","","","","","","0.053475935828877004","","","","","","","",NA,"","","","","",NA,"","",NA,"","","","0.6122994652406417","0.9438502673796791","","","","0.5","","0.5","","","0.6336898395721925",NA,"","0.24064171122994651","","0.3235294117647059","0.4411764705882353","","0.5668449197860963","","","","","","","","","","0.42780748663101603","","","20"
"21","2RT6BFMFFOYY1M7TFK4GKSC224NYLC","2YUXERSQV66R4INIP88V2AVKIJK2AG","How would you rate this picture? (2 mins)","Short 2-minute rating game.","experiment, psychology, game","$0.15","Tue Apr 30 11:48:41 PDT 2013",60,0,0,0,"Reviewable","NotReviewed","1 alien-artifacts",600,1296000,"Tue May 07 11:48:41 PDT 2013","http://requester.mturk.com/mturk/manageHIT?HITId=2RT6BFMFFOYY1M7TFK4GKSC224NYLC","277B0HFL42J14RB87CT7S0IK1PD0LP","Submitted","Wed May 15 12:30:29 PDT 2013","Tue Apr 30 12:28:39 PDT 2013","Tue Apr 30 12:30:29 PDT 2013",NA,NA,NA,NA,NA,"""complicated""","","","0.8262032085561497","","","","","0.42245989304812837","0.38235294117647056","","0.24064171122994651","0.5","","","0.28342245989304815","","","",NA,"","","","","",NA,"","",NA,"","","","","0.6042780748663101","","","","0.0374331550802139","","","","","",NA,"","","","","","0.5935828877005348","","","0.446524064171123","","","0.4144385026737968","","","","","0.4304812834224599","","","21"
"22","2RT6BFMFFOYY1M7TFK4GKSC224NYLC","2YUXERSQV66R4INIP88V2AVKIJK2AG","How would you rate this picture? (2 mins)","Short 2-minute rating game.","experiment, psychology, game","$0.15","Tue Apr 30 11:48:41 PDT 2013",60,0,0,0,"Reviewable","NotReviewed","1 alien-artifacts",600,1296000,"Tue May 07 11:48:41 PDT 2013","http://requester.mturk.com/mturk/manageHIT?HITId=2RT6BFMFFOYY1M7TFK4GKSC224NYLC","2790JPPSI2KYXIRSLCWKRM6058KJPD","Submitted","Wed May 15 12:30:32 PDT 2013","Tue Apr 30 12:29:53 PDT 2013","Tue Apr 30 12:30:32 PDT 2013",NA,NA,NA,NA,NA,"""complicated""","","","0.6550802139037433","","0.5481283422459893","0.22459893048128343","","","0.5401069518716578","","0.25668449197860965","","0.3449197860962567","","","","","",NA,"0.47058823529411764","","","","",NA,"","",NA,"","","0.5989304812834224","","","","","0.4037433155080214","","","","","","",NA,"","","","","","","","","","","","","","","0.29411764705882354","","0.44919786096256686","","0.7513368983957219","22"
"23","2RT6BFMFFOYY1M7TFK4GKSC224NYLC","2YUXERSQV66R4INIP88V2AVKIJK2AG","How would you rate this picture? (2 mins)","Short 2-minute rating game.","experiment, psychology, game","$0.15","Tue Apr 30 11:48:41 PDT 2013",60,0,0,0,"Reviewable","NotReviewed","1 alien-artifacts",600,1296000,"Tue May 07 11:48:41 PDT 2013","http://requester.mturk.com/mturk/manageHIT?HITId=2RT6BFMFFOYY1M7TFK4GKSC224NYLC","2HSG5R98D8J3E7DWOXKN4CG78HGEUJ","Submitted","Wed May 15 12:30:42 PDT 2013","Tue Apr 30 12:30:02 PDT 2013","Tue Apr 30 12:30:42 PDT 2013",NA,NA,NA,NA,NA,"""complicated""","","","0.9625668449197861","","","","","0.6818181818181818","","","0.040106951871657755","","","","0.8983957219251337","0.9625668449197861","","",NA,"","","","","",NA,"","",NA,"0.14171122994652408","0.7513368983957219","","","","","","","","0.12566844919786097","","","","",NA,"0.6871657754010695","0.0481283422459893","0.05614973262032086","","","","","","","","","","","","","","","","0.9973262032085561","23"
"24","2RT6BFMFFOYY1M7TFK4GKSC224NYLC","2YUXERSQV66R4INIP88V2AVKIJK2AG","How would you rate this picture? (2 mins)","Short 2-minute rating game.","experiment, psychology, game","$0.15","Tue Apr 30 11:48:41 PDT 2013",60,0,0,0,"Reviewable","NotReviewed","1 alien-artifacts",600,1296000,"Tue May 07 11:48:41 PDT 2013","http://requester.mturk.com/mturk/manageHIT?HITId=2RT6BFMFFOYY1M7TFK4GKSC224NYLC","2QFTBJ3MMDX5YIDN27BHH9MHJTDYC7","Submitted","Wed May 15 12:31:12 PDT 2013","Tue Apr 30 12:30:41 PDT 2013","Tue Apr 30 12:31:12 PDT 2013",NA,NA,NA,NA,NA,"""complicated""","","","0.5855614973262032","0.5828877005347594","","0.5","","","","","0.3689839572192513","","","","","","","",NA,"","","","","",NA,"","",NA,"0.5","","0.6256684491978609","0.35294117647058826","","0.5","0.5","","","","","","0.5","",NA,"","","0.4037433155080214","","","0.6978609625668449","","","","","","","","","","","","","","24"
"25","2RT6BFMFFOYY1M7TFK4GKSC224NYLC","2YUXERSQV66R4INIP88V2AVKIJK2AG","How would you rate this picture? (2 mins)","Short 2-minute rating game.","experiment, psychology, game","$0.15","Tue Apr 30 11:48:41 PDT 2013",60,0,0,0,"Reviewable","NotReviewed","1 alien-artifacts",600,1296000,"Tue May 07 11:48:41 PDT 2013","http://requester.mturk.com/mturk/manageHIT?HITId=2RT6BFMFFOYY1M7TFK4GKSC224NYLC","2C21QP6AUC26W9C796O310FOMHK187","Submitted","Wed May 15 12:31:21 PDT 2013","Tue Apr 30 12:30:20 PDT 2013","Tue Apr 30 12:31:21 PDT 2013",NA,NA,NA,NA,NA,"""complicated""","","","0.9224598930481284","0.56951871657754","","","","","","","0.07219251336898395","0.5213903743315508","","","","","","",0.60427807486631,"","","","","",NA,"","",NA,"","","0.5721925133689839","","","","","","","","","","","",NA,"0.339572192513369","","","","","","","0.3663101604278075","0.24064171122994651","","","","0.30213903743315507","0.25668449197860965","","","","","0.7085561497326203","25"
"26","2RT6BFMFFOYY1M7TFK4GKSC224NYLC","2YUXERSQV66R4INIP88V2AVKIJK2AG","How would you rate this picture? (2 mins)","Short 2-minute rating game.","experiment, psychology, game","$0.15","Tue Apr 30 11:48:41 PDT 2013",60,0,0,0,"Reviewable","NotReviewed","1 alien-artifacts",600,1296000,"Tue May 07 11:48:41 PDT 2013","http://requester.mturk.com/mturk/manageHIT?HITId=2RT6BFMFFOYY1M7TFK4GKSC224NYLC","2MTPC6SK9RJ8OH5IVJ8MGAPQATLR30","Submitted","Wed May 15 12:31:21 PDT 2013","Tue Apr 30 12:30:52 PDT 2013","Tue Apr 30 12:31:21 PDT 2013",NA,NA,NA,NA,NA,"""complicated""","","","0.7299465240641712","","","","","","","","0.01871657754010695","","","","","","","",NA,"","","","","",NA,"","",NA,"","","","0.5882352941176471","","","","","","","","","","0.9679144385026738",NA,"0.22192513368983957","0.0427807486631016","0.3663101604278075","0.3235294117647059","","","","","","","","","0.3983957219251337","","","0.05080213903743316","","0.12299465240641712","0.9973262032085561","26"
"27","2RT6BFMFFOYY1M7TFK4GKSC224NYLC","2YUXERSQV66R4INIP88V2AVKIJK2AG","How would you rate this picture? (2 mins)","Short 2-minute rating game.","experiment, psychology, game","$0.15","Tue Apr 30 11:48:41 PDT 2013",60,0,0,0,"Reviewable","NotReviewed","1 alien-artifacts",600,1296000,"Tue May 07 11:48:41 PDT 2013","http://requester.mturk.com/mturk/manageHIT?HITId=2RT6BFMFFOYY1M7TFK4GKSC224NYLC","22CMT6YTWX4HMA8P7949FGIA4OMW1G","Submitted","Wed May 15 12:31:22 PDT 2013","Tue Apr 30 12:30:40 PDT 2013","Tue Apr 30 12:31:22 PDT 2013",NA,NA,NA,NA,NA,"""complicated""","","","0.9438502673796791","","0.29411764705882354","","","0.6524064171122995","","","0.20320855614973263","","","","0.6417112299465241","","0.8796791443850267","",0.644385026737968,"","","","","",NA,"","",NA,"","","0.7700534759358288","0.22192513368983957","","","","","","","0.17379679144385027","","","",NA,"","","0.2540106951871658","","","","","0.36363636363636365","","","","","","","","","","","","27"
"28","2RT6BFMFFOYY1M7TFK4GKSC224NYLC","2YUXERSQV66R4INIP88V2AVKIJK2AG","How would you rate this picture? (2 mins)","Short 2-minute rating game.","experiment, psychology, game","$0.15","Tue Apr 30 11:48:41 PDT 2013",60,0,0,0,"Reviewable","NotReviewed","1 alien-artifacts",600,1296000,"Tue May 07 11:48:41 PDT 2013","http://requester.mturk.com/mturk/manageHIT?HITId=2RT6BFMFFOYY1M7TFK4GKSC224NYLC","2EYUXFCD45XCXMTDOSKKON3X2UZVXX","Submitted","Wed May 15 12:31:30 PDT 2013","Tue Apr 30 12:30:27 PDT 2013","Tue Apr 30 12:31:30 PDT 2013",NA,NA,NA,NA,NA,"""complicated""","","0.5294117647058824","0.983957219251337","","","","0.45187165775401067","","","","0.33689839572192515","","","","","","","0.20053475935828877",NA,"","0.6497326203208557","","","",NA,"0.39037433155080214","",NA,"","","","","","0.7245989304812834","","","","","","","","0.43315508021390375",NA,"","","","0.5935828877005348","","","","","","0.9919786096256684","0.3983957219251337","","","","","","","","","28"
"29","2RT6BFMFFOYY1M7TFK4GKSC224NYLC","2YUXERSQV66R4INIP88V2AVKIJK2AG","How would you rate this picture? (2 mins)","Short 2-minute rating game.","experiment, psychology, game","$0.15","Tue Apr 30 11:48:41 PDT 2013",60,0,0,0,"Reviewable","NotReviewed","1 alien-artifacts",600,1296000,"Tue May 07 11:48:41 PDT 2013","http://requester.mturk.com/mturk/manageHIT?HITId=2RT6BFMFFOYY1M7TFK4GKSC224NYLC","2WU5L8I9NZW60756KJVQ27TCSECUKJ","Submitted","Wed May 15 12:31:44 PDT 2013","Tue Apr 30 12:31:08 PDT 2013","Tue Apr 30 12:31:44 PDT 2013",NA,NA,NA,NA,NA,"""complicated""","","","0.7967914438502673","","","","","","","0.5641711229946524","0.21390374331550802","","","","","","0.9010695187165776","0.21122994652406418",0.82620320855615,"","0.14171122994652408","","","",NA,"","",NA,"","0.7620320855614974","","","","","","0.18449197860962566","0.20053475935828877","","","0.20053475935828877","","",NA,"","0.20053475935828877","","","","","","","","","","","","","","","","","","29"
"30","2RT6BFMFFOYY1M7TFK4GKSC224NYLC","2YUXERSQV66R4INIP88V2AVKIJK2AG","How would you rate this picture? (2 mins)","Short 2-minute rating game.","experiment, psychology, game","$0.15","Tue Apr 30 11:48:41 PDT 2013",60,0,0,0,"Reviewable","NotReviewed","1 alien-artifacts",600,1296000,"Tue May 07 11:48:41 PDT 2013","http://requester.mturk.com/mturk/manageHIT?HITId=2RT6BFMFFOYY1M7TFK4GKSC224NYLC","2SL3HVWAVKI6LGPQY6Y2599U3B6OGW","Submitted","Wed May 15 12:32:01 PDT 2013","Tue Apr 30 12:31:20 PDT 2013","Tue Apr 30 12:32:01 PDT 2013",NA,NA,NA,NA,NA,"""complicated""","","","1","","","0.13101604278074866","","","","","0","","","","","","","0.08021390374331551",0.852941176470588,"","","","","",NA,"","",0.8475935828877,"","","","","0.839572192513369","","","0.20053475935828877","","","","","","",NA,"","","","","","","","","0.7566844919786097","","0.7486631016042781","0.7406417112299465","0.7647058823529411","","","","","","","30"
"31","2RT6BFMFFOYY1M7TFK4GKSC224NYLC","2YUXERSQV66R4INIP88V2AVKIJK2AG","How would you rate this picture? (2 mins)","Short 2-minute rating game.","experiment, psychology, game","$0.15","Tue Apr 30 11:48:41 PDT 2013",60,0,0,0,"Reviewable","NotReviewed","1 alien-artifacts",600,1296000,"Tue May 07 11:48:41 PDT 2013","http://requester.mturk.com/mturk/manageHIT?HITId=2RT6BFMFFOYY1M7TFK4GKSC224NYLC","286PLSP75KLMPPP3KF8QKQVND9HTZC","Submitted","Wed May 15 12:32:02 PDT 2013","Tue Apr 30 12:30:37 PDT 2013","Tue Apr 30 12:32:02 PDT 2013",NA,NA,NA,NA,NA,"""complicated""","","","1","","0.19786096256684493","","","","","","0","","0.14705882352941177","","","","","0.10427807486631016",NA,"","","","","",NA,"","",0.414438502673797,"","","","","0.6818181818181818","","","","","0.2700534759358289","","","","",NA,"","0","","","","","0.8743315508021391","","","","1","","","","","0.20053475935828877","","","","31"
"32","2RT6BFMFFOYY1M7TFK4GKSC224NYLC","2YUXERSQV66R4INIP88V2AVKIJK2AG","How would you rate this picture? (2 mins)","Short 2-minute rating game.","experiment, psychology, game","$0.15","Tue Apr 30 11:48:41 PDT 2013",60,0,0,0,"Reviewable","NotReviewed","1 alien-artifacts",600,1296000,"Tue May 07 11:48:41 PDT 2013","http://requester.mturk.com/mturk/manageHIT?HITId=2RT6BFMFFOYY1M7TFK4GKSC224NYLC","2W6GOOGQSCM613G2OJ9U0U04AVGFF3","Submitted","Wed May 15 12:32:17 PDT 2013","Tue Apr 30 12:31:32 PDT 2013","Tue Apr 30 12:32:17 PDT 2013",NA,NA,NA,NA,NA,"""complicated""","","","0.8262032085561497","","","","","0.6737967914438503","","","0.4893048128342246","","","","","","","",0.609625668449198,"","","","0.7032085561497327","",NA,"","",NA,"0.5775401069518716","","","","","0.5588235294117647","","","0.24064171122994651","","","","0.3235294117647059","",NA,"","","","","","","0.4572192513368984","0.5","","","","","","","","0.5","","","","32"
"33","2RT6BFMFFOYY1M7TFK4GKSC224NYLC","2YUXERSQV66R4INIP88V2AVKIJK2AG","How would you rate this picture? (2 mins)","Short 2-minute rating game.","experiment, psychology, game","$0.15","Tue Apr 30 11:48:41 PDT 2013",60,0,0,0,"Reviewable","NotReviewed","1 alien-artifacts",600,1296000,"Tue May 07 11:48:41 PDT 2013","http://requester.mturk.com/mturk/manageHIT?HITId=2RT6BFMFFOYY1M7TFK4GKSC224NYLC","209M8JIA0RYN228NFPD0BBMNFZE052","Submitted","Wed May 15 12:32:38 PDT 2013","Tue Apr 30 12:31:52 PDT 2013","Tue Apr 30 12:32:38 PDT 2013",NA,NA,NA,NA,NA,"""complicated""","","","0.679144385026738","","","","","","","","0.16844919786096257","","","","","","","",0.558823529411765,"","0.6737967914438503","","","",NA,"","",NA,"","","","0.37967914438502676","","0.6417112299465241","0.6844919786096256","","","0.7406417112299465","0.679144385026738","","","0.7887700534759359",NA,"","0.2727272727272727","","","","","","","","","","","","0.7540106951871658","","","","","","33"
"34","2RT6BFMFFOYY1M7TFK4GKSC224NYLC","2YUXERSQV66R4INIP88V2AVKIJK2AG","How would you rate this picture? (2 mins)","Short 2-minute rating game.","experiment, psychology, game","$0.15","Tue Apr 30 11:48:41 PDT 2013",60,0,0,0,"Reviewable","NotReviewed","1 alien-artifacts",600,1296000,"Tue May 07 11:48:41 PDT 2013","http://requester.mturk.com/mturk/manageHIT?HITId=2RT6BFMFFOYY1M7TFK4GKSC224NYLC","220SV7WGKCCV4E9C68UMNAPUQH62SQ","Submitted","Wed May 15 12:32:48 PDT 2013","Tue Apr 30 12:32:10 PDT 2013","Tue Apr 30 12:32:48 PDT 2013",NA,NA,NA,NA,NA,"""complicated""","","","0.8957219251336899","","","","0.17914438502673796","","","","0.6711229946524064","","","","","","0.5588235294117647","",NA,"0.6363636363636364","","","","",NA,"0.7406417112299465","0.22192513368983957",NA,"","","","0.5","","","","","","","","","","",0.852941176470588,"0.6657754010695187","","","","","0.8181818181818182","0.37967914438502676","","","","","","","","","","","","","34"
"35","2RT6BFMFFOYY1M7TFK4GKSC224NYLC","2YUXERSQV66R4INIP88V2AVKIJK2AG","How would you rate this picture? (2 mins)","Short 2-minute rating game.","experiment, psychology, game","$0.15","Tue Apr 30 11:48:41 PDT 2013",60,0,0,0,"Reviewable","NotReviewed","1 alien-artifacts",600,1296000,"Tue May 07 11:48:41 PDT 2013","http://requester.mturk.com/mturk/manageHIT?HITId=2RT6BFMFFOYY1M7TFK4GKSC224NYLC","2RSJPPSI2KYE8EYP3ABLS6WNPT6KQ4","Submitted","Wed May 15 12:33:33 PDT 2013","Tue Apr 30 12:32:42 PDT 2013","Tue Apr 30 12:33:33 PDT 2013",NA,NA,NA,NA,NA,"""complicated""","","","1","","","0.5","","0.7406417112299465","","","0","","0.27540106951871657","","","","0.7967914438502673","",NA,"","","","0.4144385026737968","0.2700534759358289",NA,"","",NA,"","","","","","","","","","","","","","",NA,"","","","0.08021390374331551","","","","0.3663101604278075","","0.28342245989304815","","","","","0.3877005347593583","","","","","35"
"36","2RT6BFMFFOYY1M7TFK4GKSC224NYLC","2YUXERSQV66R4INIP88V2AVKIJK2AG","How would you rate this picture? (2 mins)","Short 2-minute rating game.","experiment, psychology, game","$0.15","Tue Apr 30 11:48:41 PDT 2013",60,0,0,0,"Reviewable","NotReviewed","1 alien-artifacts",600,1296000,"Tue May 07 11:48:41 PDT 2013","http://requester.mturk.com/mturk/manageHIT?HITId=2RT6BFMFFOYY1M7TFK4GKSC224NYLC","2GAAA2SEIUUUJTUQGP14OISCE7QPPJ","Submitted","Wed May 15 12:33:41 PDT 2013","Tue Apr 30 12:32:43 PDT 2013","Tue Apr 30 12:33:41 PDT 2013",NA,NA,NA,NA,NA,"""complicated""","0.21122994652406418","","1","","","","","0.2727272727272727","","","0","0.17914438502673796","","","","0.8823529411764706","","",NA,"0.10962566844919785","","0.47593582887700536","0","",NA,"","",NA,"0.27807486631016043","","","","","","","","0.12566844919786096","","","","","",NA,"","","","","","","0.2887700534759358","","","","","","","","","","","","","36"
"37","2RT6BFMFFOYY1M7TFK4GKSC224NYLC","2YUXERSQV66R4INIP88V2AVKIJK2AG","How would you rate this picture? (2 mins)","Short 2-minute rating game.","experiment, psychology, game","$0.15","Tue Apr 30 11:48:41 PDT 2013",60,0,0,0,"Reviewable","NotReviewed","1 alien-artifacts",600,1296000,"Tue May 07 11:48:41 PDT 2013","http://requester.mturk.com/mturk/manageHIT?HITId=2RT6BFMFFOYY1M7TFK4GKSC224NYLC","25H3TVOK5UFJOU47MJFZLYQWNHO743","Submitted","Wed May 15 12:33:45 PDT 2013","Tue Apr 30 12:33:16 PDT 2013","Tue Apr 30 12:33:45 PDT 2013",NA,NA,NA,NA,NA,"""complicated""","","","0.8342245989304813","","","","0.30213903743315507","","","","0.13101604278074866","","","","0.9064171122994652","","0.6497326203208557","",NA,"0.6737967914438503","","","0.42780748663101603","",1,"","",NA,"","","","","0.6417112299465241","","0.9518716577540107","","","","","","","",NA,"","","","","","0.9679144385026738","","","","","","0.2727272727272727","","","","","","","","37"
"38","2RT6BFMFFOYY1M7TFK4GKSC224NYLC","2YUXERSQV66R4INIP88V2AVKIJK2AG","How would you rate this picture? (2 mins)","Short 2-minute rating game.","experiment, psychology, game","$0.15","Tue Apr 30 11:48:41 PDT 2013",60,0,0,0,"Reviewable","NotReviewed","1 alien-artifacts",600,1296000,"Tue May 07 11:48:41 PDT 2013","http://requester.mturk.com/mturk/manageHIT?HITId=2RT6BFMFFOYY1M7TFK4GKSC224NYLC","28349F9SSSHXKUPOJXK5N5FC59KXTK","Submitted","Wed May 15 12:33:46 PDT 2013","Tue Apr 30 12:33:17 PDT 2013","Tue Apr 30 12:33:46 PDT 2013",NA,NA,NA,NA,NA,"""complicated""","","","0.786096256684492","","0.5641711229946524","","","","0.5909090909090909","","0.20855614973262032","","","","","0.7352941176470589","","",NA,"","","","","",NA,"0.32620320855614976","",NA,"","","0.9064171122994652","","","0.28609625668449196","","","","","0.26737967914438504","","","",0.617647058823529,"","","","","0.6336898395721925","","","","","","","","","","0.22727272727272727","","","","","38"
"39","2RT6BFMFFOYY1M7TFK4GKSC224NYLC","2YUXERSQV66R4INIP88V2AVKIJK2AG","How would you rate this picture? (2 mins)","Short 2-minute rating game.","experiment, psychology, game","$0.15","Tue Apr 30 11:48:41 PDT 2013",60,0,0,0,"Reviewable","NotReviewed","1 alien-artifacts",600,1296000,"Tue May 07 11:48:41 PDT 2013","http://requester.mturk.com/mturk/manageHIT?HITId=2RT6BFMFFOYY1M7TFK4GKSC224NYLC","2RGVR14IXKO2428HAHNACX32AH7A9S","Submitted","Wed May 15 12:34:07 PDT 2013","Tue Apr 30 12:33:11 PDT 2013","Tue Apr 30 12:34:07 PDT 2013",NA,NA,NA,NA,NA,"""complicated""","","","0.7566844919786097","","","","","","","","0.4090909090909091","","","","","","","",NA,"","","0.7620320855614974","","",NA,"","0.07754010695187166",NA,"","","","","0.7406417112299465","","0.5748663101604278","","0.029411764705882353","0.3048128342245989","","","","",NA,"","","","","","","","","0.7005347593582888","0.9732620320855615","","","0.20320855614973263","","","","","","0.6417112299465241","39"
"40","2RT6BFMFFOYY1M7TFK4GKSC224NYLC","2YUXERSQV66R4INIP88V2AVKIJK2AG","How would you rate this picture? (2 mins)","Short 2-minute rating game.","experiment, psychology, game","$0.15","Tue Apr 30 11:48:41 PDT 2013",60,0,0,0,"Reviewable","NotReviewed","1 alien-artifacts",600,1296000,"Tue May 07 11:48:41 PDT 2013","http://requester.mturk.com/mturk/manageHIT?HITId=2RT6BFMFFOYY1M7TFK4GKSC224NYLC","2C2C9KSSZVXXLJA5QZBQUYGR41WL34","Submitted","Wed May 15 12:34:28 PDT 2013","Tue Apr 30 12:33:49 PDT 2013","Tue Apr 30 12:34:28 PDT 2013",NA,NA,NA,NA,NA,"""complicated""","0.3582887700534759","0.12834224598930483","1","0.6978609625668449","","","","","","","0.07754010695187166","","","","","","0.8262032085561497","",NA,"","0.5374331550802139","1","","",NA,"","",NA,"0.7540106951871658","","","","","","","","","","","","0.05080213903743316","",NA,"","","","","0.5561497326203209","","","0","","","","","","","","","","","","40"
"41","2RT6BFMFFOYY1M7TFK4GKSC224NYLC","2YUXERSQV66R4INIP88V2AVKIJK2AG","How would you rate this picture? (2 mins)","Short 2-minute rating game.","experiment, psychology, game","$0.15","Tue Apr 30 11:48:41 PDT 2013",60,0,0,0,"Reviewable","NotReviewed","1 alien-artifacts",600,1296000,"Tue May 07 11:48:41 PDT 2013","http://requester.mturk.com/mturk/manageHIT?HITId=2RT6BFMFFOYY1M7TFK4GKSC224NYLC","23NOK5UFJ51YQJKOVKPQY1CWFRKA7H","Submitted","Wed May 15 12:34:40 PDT 2013","Tue Apr 30 12:34:15 PDT 2013","Tue Apr 30 12:34:40 PDT 2013",NA,NA,NA,NA,NA,"""complicated""","","","1","","0.32085561497326204","0.2727272727272727","","","","","0.00267379679144385","","","","","1","0.5721925133689839","",0.43048128342246,"","","","","",NA,"","",NA,"","","","","","0.5","","","0","","","","0.00267379679144385","",NA,"","","","","","","","","","","0.3689839572192513","","","","","","","","0.7540106951871658","41"
"42","2RT6BFMFFOYY1M7TFK4GKSC224NYLC","2YUXERSQV66R4INIP88V2AVKIJK2AG","How would you rate this picture? (2 mins)","Short 2-minute rating game.","experiment, psychology, game","$0.15","Tue Apr 30 11:48:41 PDT 2013",60,0,0,0,"Reviewable","NotReviewed","1 alien-artifacts",600,1296000,"Tue May 07 11:48:41 PDT 2013","http://requester.mturk.com/mturk/manageHIT?HITId=2RT6BFMFFOYY1M7TFK4GKSC224NYLC","239V8ER9Y8TN3BSZORWKLHS6ARX5SU","Submitted","Wed May 15 12:34:41 PDT 2013","Tue Apr 30 12:33:39 PDT 2013","Tue Apr 30 12:34:41 PDT 2013",NA,NA,NA,NA,NA,"""complicated""","0.7352941176470589","","0.9411764705882353","1","","","","","","","0.16042780748663102","","","","","","","",NA,"","","0.3449197860962567","","",0.850267379679144,"","",NA,"","","0.46524064171123","","","0.32620320855614976","","","","0.6871657754010695","0.08021390374331551","","","",NA,"0.31016042780748665","","","","","","","0.24331550802139038","","","","","","","","","","","","42"
"43","2RT6BFMFFOYY1M7TFK4GKSC224NYLC","2YUXERSQV66R4INIP88V2AVKIJK2AG","How would you rate this picture? (2 mins)","Short 2-minute rating game.","experiment, psychology, game","$0.15","Tue Apr 30 11:48:41 PDT 2013",60,0,0,0,"Reviewable","NotReviewed","1 alien-artifacts",600,1296000,"Tue May 07 11:48:41 PDT 2013","http://requester.mturk.com/mturk/manageHIT?HITId=2RT6BFMFFOYY1M7TFK4GKSC224NYLC","23VDHJHP4BDD39AY4WJXFX3KPA34XV","Submitted","Wed May 15 12:34:42 PDT 2013","Tue Apr 30 12:34:15 PDT 2013","Tue Apr 30 12:34:42 PDT 2013",NA,NA,NA,NA,NA,"""complicated""","","","0.7620320855614974","","","","","0.4786096256684492","","","0.10160427807486631","0.23529411764705882","","","","","","",NA,"0.3449197860962567","","0.839572192513369","","",NA,"","",NA,"","","","0.25668449197860965","","","","","0.35294117647058826","","","","","",0.74331550802139,"","0.11229946524064172","","","","","","","0.446524064171123","","","","","0.5374331550802139","","","","","","43"
"44","2RT6BFMFFOYY1M7TFK4GKSC224NYLC","2YUXERSQV66R4INIP88V2AVKIJK2AG","How would you rate this picture? (2 mins)","Short 2-minute rating game.","experiment, psychology, game","$0.15","Tue Apr 30 11:48:41 PDT 2013",60,0,0,0,"Reviewable","NotReviewed","1 alien-artifacts",600,1296000,"Tue May 07 11:48:41 PDT 2013","http://requester.mturk.com/mturk/manageHIT?HITId=2RT6BFMFFOYY1M7TFK4GKSC224NYLC","2BHC6SK9RJ857SOZAMDAGPMSAV1S4B","Submitted","Wed May 15 12:35:25 PDT 2013","Tue Apr 30 12:34:48 PDT 2013","Tue Apr 30 12:35:25 PDT 2013",NA,NA,NA,NA,NA,"""complicated""","","","0.9786096256684492","","","","0.1497326203208556","0.8074866310160428","0.15508021390374332","","0.08288770053475936","","","","","","","",NA,"","","","","",0.877005347593583,"","0.09893048128342247",NA,"0.660427807486631","","","","","0.39037433155080214","","","","","","","","",NA,"","","","0.6497326203208557","0.8636363636363636","","","","0.22727272727272727","","","","","","","","","","","44"
"45","2RT6BFMFFOYY1M7TFK4GKSC224NYLC","2YUXERSQV66R4INIP88V2AVKIJK2AG","How would you rate this picture? (2 mins)","Short 2-minute rating game.","experiment, psychology, game","$0.15","Tue Apr 30 11:48:41 PDT 2013",60,0,0,0,"Reviewable","NotReviewed","1 alien-artifacts",600,1296000,"Tue May 07 11:48:41 PDT 2013","http://requester.mturk.com/mturk/manageHIT?HITId=2RT6BFMFFOYY1M7TFK4GKSC224NYLC","2GGQ1SNQQ7Q6QTB1MP3NX12XCHXS8I","Submitted","Wed May 15 12:36:16 PDT 2013","Tue Apr 30 12:35:08 PDT 2013","Tue Apr 30 12:36:16 PDT 2013",NA,NA,NA,NA,NA,"""complicated""","","","0.7165775401069518","","","","","","","","0","0.35294117647058826","","","","","","0.03208556149732621",0.770053475935829,"","","","","",NA,"","",NA,"","0.8743315508021391","","","","","","","","","","","","",NA,"0.6016042780748663","0","","0.034759358288770054","","","","","","","","","0.553475935828877","","","","","0.12032085561497326","0.9197860962566845","45"
"46","2RT6BFMFFOYY1M7TFK4GKSC224NYLC","2YUXERSQV66R4INIP88V2AVKIJK2AG","How would you rate this picture? (2 mins)","Short 2-minute rating game.","experiment, psychology, game","$0.15","Tue Apr 30 11:48:41 PDT 2013",60,0,0,0,"Reviewable","NotReviewed","1 alien-artifacts",600,1296000,"Tue May 07 11:48:41 PDT 2013","http://requester.mturk.com/mturk/manageHIT?HITId=2RT6BFMFFOYY1M7TFK4GKSC224NYLC","2DVFDEY5COW049XZZD3RLLCAHSR3UI","Submitted","Wed May 15 12:36:19 PDT 2013","Tue Apr 30 12:35:40 PDT 2013","Tue Apr 30 12:36:19 PDT 2013",NA,NA,NA,NA,NA,"""complicated""","","","0.8850267379679144","","","","","","0.6390374331550802","","0.053475935828877004","","","","","","","0.21122994652406418",NA,"","","","","0.5347593582887701",NA,"","0.35294117647058826",NA,"","","","","","","","","0.35294117647058826","0.40641711229946526","","0.16310160427807488","","",NA,"","","","","","","","","","0.6203208556149733","","","0.44385026737967914","","","","","0.10160427807486631","","46"
"47","2RT6BFMFFOYY1M7TFK4GKSC224NYLC","2YUXERSQV66R4INIP88V2AVKIJK2AG","How would you rate this picture? (2 mins)","Short 2-minute rating game.","experiment, psychology, game","$0.15","Tue Apr 30 11:48:41 PDT 2013",60,0,0,0,"Reviewable","NotReviewed","1 alien-artifacts",600,1296000,"Tue May 07 11:48:41 PDT 2013","http://requester.mturk.com/mturk/manageHIT?HITId=2RT6BFMFFOYY1M7TFK4GKSC224NYLC","2BKNQQ7Q6705KJQCJWS2ZQC5JRCVBP","Submitted","Wed May 15 12:36:46 PDT 2013","Tue Apr 30 12:34:57 PDT 2013","Tue Apr 30 12:36:46 PDT 2013",NA,NA,NA,NA,NA,"""complicated""","","0.2887700534759358","0.7566844919786097","","","","","0.6844919786096256","","","0.18449197860962566","0.6470588235294118","","0.6149732620320856","","","","0.3342245989304813",NA,"","","","0.6229946524064172","",NA,"","",0.676470588235294,"","0.5882352941176471","0.6016042780748663","","","","","","","","","","","",NA,"","","","","","","0.40641711229946526","","","","","","","","","","","","","47"
"48","2RT6BFMFFOYY1M7TFK4GKSC224NYLC","2YUXERSQV66R4INIP88V2AVKIJK2AG","How would you rate this picture? (2 mins)","Short 2-minute rating game.","experiment, psychology, game","$0.15","Tue Apr 30 11:48:41 PDT 2013",60,0,0,0,"Reviewable","NotReviewed","1 alien-artifacts",600,1296000,"Tue May 07 11:48:41 PDT 2013","http://requester.mturk.com/mturk/manageHIT?HITId=2RT6BFMFFOYY1M7TFK4GKSC224NYLC","24IIHPCGJ2D2KH9W1280PPPW47H93X","Submitted","Wed May 15 12:37:07 PDT 2013","Tue Apr 30 12:35:59 PDT 2013","Tue Apr 30 12:37:07 PDT 2013",NA,NA,NA,NA,NA,"""complicated""","","","0.9278074866310161","","","","","","","","0.6524064171122995","","0.8262032085561497","","","","","",NA,"","","0.6390374331550802","","",NA,"","",NA,"0.28342245989304815","0.93048128342246","","0.040106951871657755","","0.026737967914438502","","","","","","0.0748663101604278","","",NA,"","","","","","","","","","","","0.2914438502673797","0.045454545454545456","","","","","0.232620320855615","","48"
"49","2RT6BFMFFOYY1M7TFK4GKSC224NYLC","2YUXERSQV66R4INIP88V2AVKIJK2AG","How would you rate this picture? (2 mins)","Short 2-minute rating game.","experiment, psychology, game","$0.15","Tue Apr 30 11:48:41 PDT 2013",60,0,0,0,"Reviewable","NotReviewed","1 alien-artifacts",600,1296000,"Tue May 07 11:48:41 PDT 2013","http://requester.mturk.com/mturk/manageHIT?HITId=2RT6BFMFFOYY1M7TFK4GKSC224NYLC","2UO4ZMAZHHRR48W0KSEVXH1O3T6BKK","Submitted","Wed May 15 12:38:09 PDT 2013","Tue Apr 30 12:37:36 PDT 2013","Tue Apr 30 12:38:09 PDT 2013",NA,NA,NA,NA,NA,"""complicated""","","","0.839572192513369","","","","","","","","0.09358288770053476","0.2647058823529412","0.4358288770053476","0.7112299465240641","0.7112299465240641","","","",NA,"","0.5320855614973262","","","0.6042780748663101",NA,"","0.23529411764705882",NA,"","","","","0.839572192513369","","","","","","","","","",0.684491978609626,"","","","","","","","0.32085561497326204","","","","","","","","","","","","49"
"50","2RT6BFMFFOYY1M7TFK4GKSC224NYLC","2YUXERSQV66R4INIP88V2AVKIJK2AG","How would you rate this picture? (2 mins)","Short 2-minute rating game.","experiment, psychology, game","$0.15","Tue Apr 30 11:48:41 PDT 2013",60,0,0,0,"Reviewable","NotReviewed","1 alien-artifacts",600,1296000,"Tue May 07 11:48:41 PDT 2013","http://requester.mturk.com/mturk/manageHIT?HITId=2RT6BFMFFOYY1M7TFK4GKSC224NYLC","2W6ZZ2MIKMN9D1V9U8ZT2WXMPXRP80","Submitted","Wed May 15 12:38:10 PDT 2013","Tue Apr 30 12:37:27 PDT 2013","Tue Apr 30 12:38:10 PDT 2013",NA,NA,NA,NA,NA,"""complicated""","","","1","","","0.6042780748663101","","","","","0.029411764705882353","","0.660427807486631","","","","","0.2620320855614973",NA,"","","","","",NA,"","0.058823529411764705",0.780748663101604,"","","1","","","","","","","","","","0.19518716577540107","",NA,"","","","","0.7085561497326203","","","0.21657754010695188","","","","","","","","","0.25668449197860965","","","50"
"51","2RT6BFMFFOYY1M7TFK4GKSC224NYLC","2YUXERSQV66R4INIP88V2AVKIJK2AG","How would you rate this picture? (2 mins)","Short 2-minute rating game.","experiment, psychology, game","$0.15","Tue Apr 30 11:48:41 PDT 2013",60,0,0,0,"Reviewable","NotReviewed","1 alien-artifacts",600,1296000,"Tue May 07 11:48:41 PDT 2013","http://requester.mturk.com/mturk/manageHIT?HITId=2RT6BFMFFOYY1M7TFK4GKSC224NYLC","2X4WYB49F9SSBA31XOFNYT5LRK5UQC","Submitted","Wed May 15 12:38:13 PDT 2013","Tue Apr 30 12:37:33 PDT 2013","Tue Apr 30 12:38:13 PDT 2013",NA,NA,NA,NA,NA,"""complicated""","","","1","","","","0","","","","0","","0","","","","","0",0.419786096256685,"","","","","",1,"","",NA,"","","","","1","","","","","","","0","","",NA,"","","","","","","","","0.7486631016042781","","","","0.5","","","","","0","","51"
"52","2RT6BFMFFOYY1M7TFK4GKSC224NYLC","2YUXERSQV66R4INIP88V2AVKIJK2AG","How would you rate this picture? (2 mins)","Short 2-minute rating game.","experiment, psychology, game","$0.15","Tue Apr 30 11:48:41 PDT 2013",60,0,0,0,"Reviewable","NotReviewed","1 alien-artifacts",600,1296000,"Tue May 07 11:48:41 PDT 2013","http://requester.mturk.com/mturk/manageHIT?HITId=2RT6BFMFFOYY1M7TFK4GKSC224NYLC","22C9RJ85OZIZXASA6UDOUQ5IIUTW81","Submitted","Wed May 15 12:38:18 PDT 2013","Tue Apr 30 12:37:42 PDT 2013","Tue Apr 30 12:38:18 PDT 2013",NA,NA,NA,NA,NA,"""complicated""","","","0.767379679144385","","","","","0.7032085561497327","","","0.10427807486631016","","","","","","0.6898395721925134","0.3048128342245989",0.866310160427808,"","","","0.18181818181818182","0.446524064171123",NA,"","",NA,"","","","","","","","","","","","0.6149732620320856","","",NA,"0.3315508021390374","0.19518716577540107","","","","","","","","","","","","","0.16310160427807488","","","","","52"
"53","2RT6BFMFFOYY1M7TFK4GKSC224NYLC","2YUXERSQV66R4INIP88V2AVKIJK2AG","How would you rate this picture? (2 mins)","Short 2-minute rating game.","experiment, psychology, game","$0.15","Tue Apr 30 11:48:41 PDT 2013",60,0,0,0,"Reviewable","NotReviewed","1 alien-artifacts",600,1296000,"Tue May 07 11:48:41 PDT 2013","http://requester.mturk.com/mturk/manageHIT?HITId=2RT6BFMFFOYY1M7TFK4GKSC224NYLC","2QQQ4J3NAB6BYFLFK3PIZ1TN1ICRES","Submitted","Wed May 15 12:38:41 PDT 2013","Tue Apr 30 12:37:35 PDT 2013","Tue Apr 30 12:38:41 PDT 2013",NA,NA,NA,NA,NA,"""complicated""","0.42780748663101603","","1","0.786096256684492","0.6524064171122995","","","","","","0.41711229946524064","","","","","","0.6390374331550802","",NA,"","0.4679144385026738","","0.5588235294117647","",NA,"","",0.556149732620321,"0.5775401069518716","","0.5320855614973262","","","","","","","","","","","",NA,"","","","","","","","","","","0.5267379679144385","","","","","","","","","53"
"54","2RT6BFMFFOYY1M7TFK4GKSC224NYLC","2YUXERSQV66R4INIP88V2AVKIJK2AG","How would you rate this picture? (2 mins)","Short 2-minute rating game.","experiment, psychology, game","$0.15","Tue Apr 30 11:48:41 PDT 2013",60,0,0,0,"Reviewable","NotReviewed","1 alien-artifacts",600,1296000,"Tue May 07 11:48:41 PDT 2013","http://requester.mturk.com/mturk/manageHIT?HITId=2RT6BFMFFOYY1M7TFK4GKSC224NYLC","2IS6UFBNFSVGDEL35AJWCNG51X04IW","Submitted","Wed May 15 12:39:04 PDT 2013","Tue Apr 30 12:37:56 PDT 2013","Tue Apr 30 12:39:04 PDT 2013",NA,NA,NA,NA,NA,"""complicated""","","","0.5","","","","","","","","0","0.2620320855614973","","0.5","","","","",NA,"","","0.3449197860962567","0.4385026737967914","",NA,"","",NA,"","","","","","","0.5","0.3716577540106952","0.24331550802139038","","0.4304812834224599","","","",NA,"","","","","0.4411764705882353","","","","","","","","","","","0.20588235294117646","","","","54"
"55","2RT6BFMFFOYY1M7TFK4GKSC224NYLC","2YUXERSQV66R4INIP88V2AVKIJK2AG","How would you rate this picture? (2 mins)","Short 2-minute rating game.","experiment, psychology, game","$0.15","Tue Apr 30 11:48:41 PDT 2013",60,0,0,0,"Reviewable","NotReviewed","1 alien-artifacts",600,1296000,"Tue May 07 11:48:41 PDT 2013","http://requester.mturk.com/mturk/manageHIT?HITId=2RT6BFMFFOYY1M7TFK4GKSC224NYLC","25H3TVOK5UFJOU47MJFZLYQWNHP744","Submitted","Wed May 15 12:39:14 PDT 2013","Tue Apr 30 12:38:45 PDT 2013","Tue Apr 30 12:39:14 PDT 2013",NA,NA,NA,NA,NA,"""complicated""","","0.2727272727272727","0.767379679144385","","","","","","","","0.25133689839572193","","","0.11497326203208556","","0.679144385026738","","",NA,"0.20320855614973263","","","","",NA,"","",NA,"0.19786096256684493","","","0.22727272727272727","0.19786096256684493","","","","","","","0.0855614973262032","","",NA,"","","","","","0.9652406417112299","","","","","","","","","0.34759358288770054","","","","","55"
"56","2RT6BFMFFOYY1M7TFK4GKSC224NYLC","2YUXERSQV66R4INIP88V2AVKIJK2AG","How would you rate this picture? (2 mins)","Short 2-minute rating game.","experiment, psychology, game","$0.15","Tue Apr 30 11:48:41 PDT 2013",60,0,0,0,"Reviewable","NotReviewed","1 alien-artifacts",600,1296000,"Tue May 07 11:48:41 PDT 2013","http://requester.mturk.com/mturk/manageHIT?HITId=2RT6BFMFFOYY1M7TFK4GKSC224NYLC","23MHYW2GTP9RT0Y5SRS6FYSS1CXSN7","Submitted","Wed May 15 12:40:12 PDT 2013","Tue Apr 30 12:39:13 PDT 2013","Tue Apr 30 12:40:12 PDT 2013",NA,NA,NA,NA,NA,"""complicated""","","","1","0.6631016042780749","","0.0374331550802139","","0.8609625668449198","","","0.040106951871657755","","","","0.9358288770053476","","","",NA,"0.6898395721925134","","","","",NA,"","",NA,"","","","0.2727272727272727","","0.11497326203208556","","","","","","","","1",NA,"","0.5828877005347594","","","","","","","0.893048128342246","","","","","","","","","","","56"
"57","2RT6BFMFFOYY1M7TFK4GKSC224NYLC","2YUXERSQV66R4INIP88V2AVKIJK2AG","How would you rate this picture? (2 mins)","Short 2-minute rating game.","experiment, psychology, game","$0.15","Tue Apr 30 11:48:41 PDT 2013",60,0,0,0,"Reviewable","NotReviewed","1 alien-artifacts",600,1296000,"Tue May 07 11:48:41 PDT 2013","http://requester.mturk.com/mturk/manageHIT?HITId=2RT6BFMFFOYY1M7TFK4GKSC224NYLC","2UET6YTWX4H30VVB0I09MI6M5W92XZ","Submitted","Wed May 15 12:40:17 PDT 2013","Tue Apr 30 12:39:16 PDT 2013","Tue Apr 30 12:40:17 PDT 2013",NA,NA,NA,NA,NA,"""complicated""","","","1","","","","","","","","0","","0.6818181818181818","","","","","",NA,"","","","1","",1,"","",NA,"","","","","","0.18181818181818182","","0.3689839572192513","","","0.35561497326203206","","0.5","",NA,"","","","","","","0.38235294117647056","","","","0.6203208556149733","","","","","","0.3422459893048128","","","57"
"58","2RT6BFMFFOYY1M7TFK4GKSC224NYLC","2YUXERSQV66R4INIP88V2AVKIJK2AG","How would you rate this picture? (2 mins)","Short 2-minute rating game.","experiment, psychology, game","$0.15","Tue Apr 30 11:48:41 PDT 2013",60,0,0,0,"Reviewable","NotReviewed","1 alien-artifacts",600,1296000,"Tue May 07 11:48:41 PDT 2013","http://requester.mturk.com/mturk/manageHIT?HITId=2RT6BFMFFOYY1M7TFK4GKSC224NYLC","2I64BLYHVI447L8KHZZDTEZWXFM1VD","Submitted","Wed May 15 12:40:20 PDT 2013","Tue Apr 30 12:39:36 PDT 2013","Tue Apr 30 12:40:20 PDT 2013",NA,NA,NA,NA,NA,"""complicated""","0.40641711229946526","","0.8074866310160428","0.6176470588235294","","","","","","","0.24331550802139038","","0.713903743315508","","","","","",NA,"","","","","",NA,"0.5962566844919787","0.42780748663101603",NA,"","","","","0.6256684491978609","","0.7058823529411765","","","","","","","",NA,"","","","","","","","0.6363636363636364","","","","0.5935828877005348","","","","","0.2807486631016043","","","58"
"59","2RT6BFMFFOYY1M7TFK4GKSC224NYLC","2YUXERSQV66R4INIP88V2AVKIJK2AG","How would you rate this picture? (2 mins)","Short 2-minute rating game.","experiment, psychology, game","$0.15","Tue Apr 30 11:48:41 PDT 2013",60,0,0,0,"Reviewable","NotReviewed","1 alien-artifacts",600,1296000,"Tue May 07 11:48:41 PDT 2013","http://requester.mturk.com/mturk/manageHIT?HITId=2RT6BFMFFOYY1M7TFK4GKSC224NYLC","2AYUFBNFSVGU48991XN6TG1JE8JJ5R","Submitted","Wed May 15 12:40:50 PDT 2013","Tue Apr 30 12:40:20 PDT 2013","Tue Apr 30 12:40:50 PDT 2013",NA,NA,NA,NA,NA,"""complicated""","","","0.9545454545454546","","","","0.3663101604278075","","","","0.3449197860962567","","","","","","","0.39037433155080214",NA,"0.6631016042780749","0.39572192513368987","","","",NA,"0.18449197860962566","",NA,"","","","","0.6764705882352942","","","","0.25668449197860965","0.5855614973262032","","","","0.6577540106951871",NA,"","","","","","","","","","","","","","","","","","","0.7834224598930482","59"
"60","2RT6BFMFFOYY1M7TFK4GKSC224NYLC","2YUXERSQV66R4INIP88V2AVKIJK2AG","How would you rate this picture? (2 mins)","Short 2-minute rating game.","experiment, psychology, game","$0.15","Tue Apr 30 11:48:41 PDT 2013",60,0,0,0,"Reviewable","NotReviewed","1 alien-artifacts",600,1296000,"Tue May 07 11:48:41 PDT 2013","http://requester.mturk.com/mturk/manageHIT?HITId=2RT6BFMFFOYY1M7TFK4GKSC224NYLC","2UKSZVXX2Q45DNQQK37NOW1REDL7PV","Submitted","Wed May 15 12:41:00 PDT 2013","Tue Apr 30 12:39:51 PDT 2013","Tue Apr 30 12:41:00 PDT 2013",NA,NA,NA,NA,NA,"""complicated""","","","1","","","","0.4411764705882353","","0.27807486631016043","","0.09358288770053476","","","","","0.7780748663101604","","",0.532085561497326,"0.6631016042780749","","","","",NA,"","0.10160427807486631",NA,"","","","","","","","0.21657754010695188","","","","","","",NA,"0.4037433155080214","","","0.12566844919786097","","","","","","","","","","","0.2192513368983957","","","","","60"
