"","hitid","hittypeid","title","description","keywords","reward","creationtime","assignments","numavailable","numpending","numcomplete","hitstatus","reviewstatus","annotation","assignmentduration","autoapprovaldelay","hitlifetime","viewhit","assignmentid","assignmentstatus","autoapprovaltime","assignmentaccepttime","assignmentsubmittime","assignmentapprovaltime","assignmentrejecttime","deadline","feedback","reject","Answer.rating56","Answer.rating49","Answer.rating42","Answer.rating38","Answer.rating36","Answer.ratingcircuit","Answer.rating22","Answer.rating15","Answer.rating19","Answer.ratingball","Answer.questionType","Answer.rating6","Answer.rating4","Answer.rating52","Answer.rating40","Answer.rating37","Answer.rating31","Answer.rating17","Answer.rating10","Answer.rating13","Answer.rating57","Answer.rating48","Answer.rating30","Answer.rating33","Answer.rating28","Answer.rating14","Answer.rating51","Answer.rating44","Answer.rating39","Answer.rating20","Answer.rating16","Answer.rating9","Answer.rating2","Answer.rating53","Answer.rating35","Answer.rating29","Answer.rating23","Answer.rating18","Answer.rating58","Answer.rating26","Answer.rating25","Answer.rating21","Answer.rating12","Answer.rating8","Answer.rating54","Answer.rating3","Answer.rating45","Answer.rating41","Answer.rating50","Answer.rating5","Answer.rating59","Answer.rating47","Answer.rating7","Answer.rating34","Answer.rating60","Answer.rating43","Answer.rating24","Answer.rating11","Answer.rating46","Answer.rating32","Answer.rating27","Answer.rating55","Answer.rating1","workerids"
"1","2P1VCNHMVHVKVC61XPT7AJ7BV2V13L","2YUXERSQV66R4INIP88V2AVKIJK2AG","How would you rate this picture? (2 mins)","Short 2-minute rating game.","experiment, psychology, game","$0.15","Wed May 01 16:34:07 PDT 2013",60,0,0,60,"Reviewable","NotReviewed","1 alien-artifacts",600,1296000,"Wed May 08 16:34:07 PDT 2013","http://requester.mturk.com/mturk/manageHIT?HITId=2P1VCNHMVHVKVC61XPT7AJ7BV2V13L","2LUYU98JHSTLUWR0BGA9OOBN0XUPDU","Approved","Thu May 16 16:50:26 PDT 2013","Wed May 01 16:49:46 PDT 2013","Wed May 01 16:50:26 PDT 2013","Thu May 02 16:17:49 PDT 2013",NA,NA,NA,NA,"0.20320855614973263","0.31283422459893045","0.5668449197860963","0.5748663101604278","0.5855614973262032","0.7299465240641712","0.08823529411764706","0.06149732620320856","0.3155080213903743","0.09090909090909091","""complicated""","0.5401069518716578","0.32887700534759357",NA,"","","","","","","","","",NA,"","","","","","","","","","","","","","","","","",NA,"","","","","","","","","",NA,"","","",NA,"","","","","","","","1"
"2","2P1VCNHMVHVKVC61XPT7AJ7BV2V13L","2YUXERSQV66R4INIP88V2AVKIJK2AG","How would you rate this picture? (2 mins)","Short 2-minute rating game.","experiment, psychology, game","$0.15","Wed May 01 16:34:07 PDT 2013",60,0,0,60,"Reviewable","NotReviewed","1 alien-artifacts",600,1296000,"Wed May 08 16:34:07 PDT 2013","http://requester.mturk.com/mturk/manageHIT?HITId=2P1VCNHMVHVKVC61XPT7AJ7BV2V13L","2TVNAB6BFMFF7R4IP6KJLDGIEQ4IVB","Approved","Thu May 16 16:52:47 PDT 2013","Wed May 01 16:52:19 PDT 2013","Wed May 01 16:52:47 PDT 2013","Thu May 02 16:17:52 PDT 2013",NA,NA,NA,NA,"0.31283422459893045","","","","0.8636363636363636","0.6951871657754011","","0.15508021390374332","","0","""complicated""","","",0.772727272727273,"0.05614973262032086","0.05614973262032086","0.28609625668449196","0.28609625668449196","0.0053475935828877","0.13903743315508021","","","",NA,"","","","","","","","","","","","","","","","","",NA,"","","","","","","","","",NA,"","","",NA,"","","","","","","","2"
"3","2P1VCNHMVHVKVC61XPT7AJ7BV2V13L","2YUXERSQV66R4INIP88V2AVKIJK2AG","How would you rate this picture? (2 mins)","Short 2-minute rating game.","experiment, psychology, game","$0.15","Wed May 01 16:34:07 PDT 2013",60,0,0,60,"Reviewable","NotReviewed","1 alien-artifacts",600,1296000,"Wed May 08 16:34:07 PDT 2013","http://requester.mturk.com/mturk/manageHIT?HITId=2P1VCNHMVHVKVC61XPT7AJ7BV2V13L","2IBIA0RYNJ926CQMWA2MPTULKA683W","Approved","Thu May 16 16:52:56 PDT 2013","Wed May 01 16:52:30 PDT 2013","Wed May 01 16:52:56 PDT 2013","Thu May 02 16:17:51 PDT 2013",NA,NA,NA,NA,"","0.5989304812834224","","0.5828877005347594","","0.606951871657754","","","","0.3315508021390374","""complicated""","","",NA,"","","0.6149732620320856","","0.6176470588235294","","0.5588235294117647","0.5668449197860963","0.6096256684491979",0.786096256684492,"0.56951871657754","0.7032085561497327","","","","","","","","","","","","","","","",NA,"","","","","","","","","",NA,"","","",NA,"","","","","","","","3"
"4","2P1VCNHMVHVKVC61XPT7AJ7BV2V13L","2YUXERSQV66R4INIP88V2AVKIJK2AG","How would you rate this picture? (2 mins)","Short 2-minute rating game.","experiment, psychology, game","$0.15","Wed May 01 16:34:07 PDT 2013",60,0,0,60,"Reviewable","NotReviewed","1 alien-artifacts",600,1296000,"Wed May 08 16:34:07 PDT 2013","http://requester.mturk.com/mturk/manageHIT?HITId=2P1VCNHMVHVKVC61XPT7AJ7BV2V13L","2YRFYQS1CSTM783R9XVII1E2Z11LOQ","Approved","Thu May 16 16:53:21 PDT 2013","Wed May 01 16:52:48 PDT 2013","Wed May 01 16:53:21 PDT 2013","Thu May 02 16:17:45 PDT 2013",NA,NA,NA,NA,"","0.660427807486631","","","","0.8636363636363636","","","","0.029411764705882353","""complicated""","","0.5080213903743316",NA,"","","","","","","","0.9278074866310161","",NA,"","","0.9946524064171123","0.05080213903743316","0.9919786096256684","0.06149732620320856","0.7566844919786097","0.14171122994652408","0.28609625668449196","","","","","","","","",NA,"","","","","","","","","",NA,"","","",NA,"","","","","","","","4"
"5","2P1VCNHMVHVKVC61XPT7AJ7BV2V13L","2YUXERSQV66R4INIP88V2AVKIJK2AG","How would you rate this picture? (2 mins)","Short 2-minute rating game.","experiment, psychology, game","$0.15","Wed May 01 16:34:07 PDT 2013",60,0,0,60,"Reviewable","NotReviewed","1 alien-artifacts",600,1296000,"Wed May 08 16:34:07 PDT 2013","http://requester.mturk.com/mturk/manageHIT?HITId=2P1VCNHMVHVKVC61XPT7AJ7BV2V13L","2BC274J79KQWPUEN0BLXLCD8RBGGIK","Approved","Thu May 16 16:53:25 PDT 2013","Wed May 01 16:52:48 PDT 2013","Wed May 01 16:53:25 PDT 2013","Thu May 02 16:17:52 PDT 2013",NA,NA,NA,NA,"","","","","","0.8770053475935828","0.25133689839572193","","0.34759358288770054","0.0748663101604278","""complicated""","","0.20855614973262032",NA,"","","","","","","","","",NA,"","0.9385026737967914","","","","","","","","1","0.6310160427807486","0.24331550802139038","0.9117647058823529","0.6764705882352942","0.16042780748663102","","",NA,"","","","","","","","","",NA,"","","",NA,"","","","","","","","5"
"6","2P1VCNHMVHVKVC61XPT7AJ7BV2V13L","2YUXERSQV66R4INIP88V2AVKIJK2AG","How would you rate this picture? (2 mins)","Short 2-minute rating game.","experiment, psychology, game","$0.15","Wed May 01 16:34:07 PDT 2013",60,0,0,60,"Reviewable","NotReviewed","1 alien-artifacts",600,1296000,"Wed May 08 16:34:07 PDT 2013","http://requester.mturk.com/mturk/manageHIT?HITId=2P1VCNHMVHVKVC61XPT7AJ7BV2V13L","2T9STLB3L0FB22OO7O5JXEVIR5SVJZ","Approved","Thu May 16 16:53:31 PDT 2013","Wed May 01 16:52:32 PDT 2013","Wed May 01 16:53:31 PDT 2013","Thu May 02 16:17:51 PDT 2013",NA,NA,NA,NA,"","","","","0.6122994652406417","1","","","","0","""complicated""","","",NA,"","","","","","","","","0.13101604278074866",NA,"","","0.39572192513368987","","","","","","","","1","","0.4385026737967914","","","0.5989304812834224","0.6229946524064172",0.737967914438503,"0.32620320855614976","0.06149732620320856","","","","","","","",NA,"","","",NA,"","","","","","","","6"
"7","2P1VCNHMVHVKVC61XPT7AJ7BV2V13L","2YUXERSQV66R4INIP88V2AVKIJK2AG","How would you rate this picture? (2 mins)","Short 2-minute rating game.","experiment, psychology, game","$0.15","Wed May 01 16:34:07 PDT 2013",60,0,0,60,"Reviewable","NotReviewed","1 alien-artifacts",600,1296000,"Wed May 08 16:34:07 PDT 2013","http://requester.mturk.com/mturk/manageHIT?HITId=2P1VCNHMVHVKVC61XPT7AJ7BV2V13L","28ENCWYB49F9BLYHT6SJUNSXRV8SOA","Approved","Thu May 16 16:53:50 PDT 2013","Wed May 01 16:53:12 PDT 2013","Wed May 01 16:53:50 PDT 2013","Thu May 02 16:17:52 PDT 2013",NA,NA,NA,NA,"","","","","","0.9572192513368984","","","","0.040106951871657755","""complicated""","","",NA,"","","","","0.2700534759358289","0.13903743315508021","","","",NA,"","","0.7433155080213903","","","0.18181818181818182","0.6149732620320856","","","","","0.1443850267379679","","0.25668449197860965","","","",NA,"0.49732620320855614","","0.31283422459893045","0.25935828877005346","","","","","",NA,"","","",NA,"","","","","","","","7"
"8","2P1VCNHMVHVKVC61XPT7AJ7BV2V13L","2YUXERSQV66R4INIP88V2AVKIJK2AG","How would you rate this picture? (2 mins)","Short 2-minute rating game.","experiment, psychology, game","$0.15","Wed May 01 16:34:07 PDT 2013",60,0,0,60,"Reviewable","NotReviewed","1 alien-artifacts",600,1296000,"Wed May 08 16:34:07 PDT 2013","http://requester.mturk.com/mturk/manageHIT?HITId=2P1VCNHMVHVKVC61XPT7AJ7BV2V13L","2K5ZXR24SMEZIVSIGRE908PDKHC0H8","Approved","Thu May 16 16:53:55 PDT 2013","Wed May 01 16:53:20 PDT 2013","Wed May 01 16:53:55 PDT 2013","Thu May 02 16:17:50 PDT 2013",NA,NA,NA,NA,"","","","","","0.7219251336898396","","","0.4625668449197861","0.20053475935828877","""complicated""","","0.44385026737967914",NA,"","","0.6925133689839572","","","","","","",NA,"","","","","","0.39037433155080214","0.2647058823529412","","0.25668449197860965","0.56951871657754","0.7032085561497327","","","0.44385026737967914","0.5855614973262032","","",NA,"","","","","","","","","",NA,"","","",NA,"","","","","","","","8"
"9","2P1VCNHMVHVKVC61XPT7AJ7BV2V13L","2YUXERSQV66R4INIP88V2AVKIJK2AG","How would you rate this picture? (2 mins)","Short 2-minute rating game.","experiment, psychology, game","$0.15","Wed May 01 16:34:07 PDT 2013",60,0,0,60,"Reviewable","NotReviewed","1 alien-artifacts",600,1296000,"Wed May 08 16:34:07 PDT 2013","http://requester.mturk.com/mturk/manageHIT?HITId=2P1VCNHMVHVKVC61XPT7AJ7BV2V13L","2CXL8I9NZW6HXSCOA9HWDT8AVUXVL1","Approved","Thu May 16 16:53:59 PDT 2013","Wed May 01 16:53:07 PDT 2013","Wed May 01 16:53:59 PDT 2013","Thu May 02 16:17:47 PDT 2013",NA,NA,NA,NA,"","","","","","0.8689839572192514","","","0","0","""complicated""","","",0.794117647058823,"","","0.6524064171122995","","","","","","0.5588235294117647",NA,"","","","0.25668449197860965","","","0.6336898395721925","","","","","","","0.3716577540106952","","","",NA,"","","0.08823529411764706","","0.8422459893048129","0.3074866310160428","","","",NA,"","","",NA,"","","","","","","","9"
"10","2P1VCNHMVHVKVC61XPT7AJ7BV2V13L","2YUXERSQV66R4INIP88V2AVKIJK2AG","How would you rate this picture? (2 mins)","Short 2-minute rating game.","experiment, psychology, game","$0.15","Wed May 01 16:34:07 PDT 2013",60,0,0,60,"Reviewable","NotReviewed","1 alien-artifacts",600,1296000,"Wed May 08 16:34:07 PDT 2013","http://requester.mturk.com/mturk/manageHIT?HITId=2P1VCNHMVHVKVC61XPT7AJ7BV2V13L","2UE05BMJTUHYFVMTLEIADS508FAGLY","Approved","Thu May 16 16:54:09 PDT 2013","Wed May 01 16:53:29 PDT 2013","Wed May 01 16:54:09 PDT 2013","Thu May 02 16:17:45 PDT 2013",NA,NA,NA,NA,"","","","0.5721925133689839","","0.9545454545454546","0.053475935828877004","","","0.026737967914438502","""complicated""","","0.4197860962566845",NA,"","","0.8529411764705882","","","","","","",0.775401069518717,"","","0.3155080213903743","","","","","0.4144385026737968","","0.26737967914438504","","","","","","","",0.770053475935829,"","","","","","","0.10695187165775401","","",NA,"","","",NA,"","","","","","","","10"
"11","2P1VCNHMVHVKVC61XPT7AJ7BV2V13L","2YUXERSQV66R4INIP88V2AVKIJK2AG","How would you rate this picture? (2 mins)","Short 2-minute rating game.","experiment, psychology, game","$0.15","Wed May 01 16:34:07 PDT 2013",60,0,0,60,"Reviewable","NotReviewed","1 alien-artifacts",600,1296000,"Wed May 08 16:34:07 PDT 2013","http://requester.mturk.com/mturk/manageHIT?HITId=2P1VCNHMVHVKVC61XPT7AJ7BV2V13L","28XCOW0LGRZ3R5XFHHXVTUZ0Z53Z8I","Approved","Thu May 16 16:54:10 PDT 2013","Wed May 01 16:53:34 PDT 2013","Wed May 01 16:54:10 PDT 2013","Thu May 02 16:17:45 PDT 2013",NA,NA,NA,NA,"0.5962566844919787","","","","","0.8502673796791443","","","","0","""complicated""","0.6176470588235294","",NA,"","","0.7566844919786097","","","","","","",NA,"","","0.8957219251336899","","","0.05614973262032086","","","","","","","","","0.5775401069518716","","0.9358288770053476",NA,"0.3048128342245989","","","","","","","0.6256684491978609","0.12032085561497326",NA,"","","",NA,"","","","","","","","11"
"12","2P1VCNHMVHVKVC61XPT7AJ7BV2V13L","2YUXERSQV66R4INIP88V2AVKIJK2AG","How would you rate this picture? (2 mins)","Short 2-minute rating game.","experiment, psychology, game","$0.15","Wed May 01 16:34:07 PDT 2013",60,0,0,60,"Reviewable","NotReviewed","1 alien-artifacts",600,1296000,"Wed May 08 16:34:07 PDT 2013","http://requester.mturk.com/mturk/manageHIT?HITId=2P1VCNHMVHVKVC61XPT7AJ7BV2V13L","2DO5XH0JPPSILD4ELQJPD5KP8K0GM0","Approved","Thu May 16 16:54:19 PDT 2013","Wed May 01 16:53:39 PDT 2013","Wed May 01 16:54:19 PDT 2013","Thu May 02 16:17:48 PDT 2013",NA,NA,NA,NA,"","","","","","1","","0.06149732620320856","","0","""complicated""","","",0.780748663101604,"","","","","","","","","",NA,"","","","0.0427807486631016","","0.0053475935828877","","","","","0.5989304812834224","","","","0.9144385026737968","","",NA,"","","","0.045454545454545456","0.12566844919786097","","","","",0.855614973262032,"0.7352941176470589","","",NA,"","","","","","","","12"
"13","2P1VCNHMVHVKVC61XPT7AJ7BV2V13L","2YUXERSQV66R4INIP88V2AVKIJK2AG","How would you rate this picture? (2 mins)","Short 2-minute rating game.","experiment, psychology, game","$0.15","Wed May 01 16:34:07 PDT 2013",60,0,0,60,"Reviewable","NotReviewed","1 alien-artifacts",600,1296000,"Wed May 08 16:34:07 PDT 2013","http://requester.mturk.com/mturk/manageHIT?HITId=2P1VCNHMVHVKVC61XPT7AJ7BV2V13L","2W33Q39Z0B6UCHCT0JMSZVRO230LW2","Approved","Thu May 16 16:54:24 PDT 2013","Wed May 01 16:53:24 PDT 2013","Wed May 01 16:54:24 PDT 2013","Thu May 02 16:17:46 PDT 2013",NA,NA,NA,NA,"","","","","0.732620320855615","0.9786096256684492","","","","0.09893048128342247","""complicated""","","",NA,"0.11764705882352941","","","0.18983957219251338","","","","0.19786096256684493","",NA,"","","","","","","","","","0.7887700534759359","","","","","","","",NA,"","","","","","0.44385026737967914","0.6256684491978609","","0.17914438502673796",NA,"0.6016042780748663","0.41711229946524064","",NA,"","","","","","","","13"
"14","2P1VCNHMVHVKVC61XPT7AJ7BV2V13L","2YUXERSQV66R4INIP88V2AVKIJK2AG","How would you rate this picture? (2 mins)","Short 2-minute rating game.","experiment, psychology, game","$0.15","Wed May 01 16:34:07 PDT 2013",60,0,0,60,"Reviewable","NotReviewed","1 alien-artifacts",600,1296000,"Wed May 08 16:34:07 PDT 2013","http://requester.mturk.com/mturk/manageHIT?HITId=2P1VCNHMVHVKVC61XPT7AJ7BV2V13L","25EEC1PC6SK9ACE5K49ZKHMEW3Q0OW","Approved","Thu May 16 16:54:33 PDT 2013","Wed May 01 16:53:40 PDT 2013","Wed May 01 16:54:33 PDT 2013","Thu May 02 16:17:46 PDT 2013",NA,NA,NA,NA,"","","","0.36363636363636365","","1","","","","0.016042780748663103","""complicated""","","",NA,"","","","","","","","","",NA,"","","0.5668449197860963","","","","","0.12566844919786097","","0.2700534759358289","","","","","","","",0.863636363636364,"0","","","","","0.5","0.14705882352941177","0.12566844919786097","",NA,"","","0.38235294117647056",NA,"","","","","","","","14"
"15","2P1VCNHMVHVKVC61XPT7AJ7BV2V13L","2YUXERSQV66R4INIP88V2AVKIJK2AG","How would you rate this picture? (2 mins)","Short 2-minute rating game.","experiment, psychology, game","$0.15","Wed May 01 16:34:07 PDT 2013",60,0,0,60,"Reviewable","NotReviewed","1 alien-artifacts",600,1296000,"Wed May 08 16:34:07 PDT 2013","http://requester.mturk.com/mturk/manageHIT?HITId=2P1VCNHMVHVKVC61XPT7AJ7BV2V13L","2SL3HVWAVKI6LGPQY6Y2599U3KFGOF","Approved","Thu May 16 16:54:39 PDT 2013","Wed May 01 16:53:58 PDT 2013","Wed May 01 16:54:39 PDT 2013","Thu May 02 16:17:47 PDT 2013",NA,NA,NA,NA,"","0.44385026737967914","","","","0.9064171122994652","0.4625668449197861","","","0.20053475935828877","""complicated""","","",NA,"0.3983957219251337","","","0.48128342245989303","","","","","",NA,"","","","","","","","","","","","","0.6256684491978609","","","","",0.719251336898396,"0.4358288770053476","","0.25133689839572193","","0.5561497326203209","","","0.34759358288770054","",NA,"","","",NA,"","","","","","","","15"
"16","2P1VCNHMVHVKVC61XPT7AJ7BV2V13L","2YUXERSQV66R4INIP88V2AVKIJK2AG","How would you rate this picture? (2 mins)","Short 2-minute rating game.","experiment, psychology, game","$0.15","Wed May 01 16:34:07 PDT 2013",60,0,0,60,"Reviewable","NotReviewed","1 alien-artifacts",600,1296000,"Wed May 08 16:34:07 PDT 2013","http://requester.mturk.com/mturk/manageHIT?HITId=2P1VCNHMVHVKVC61XPT7AJ7BV2V13L","2H957DZKPFE4X9JH9RT5R8ID9D0E4M","Approved","Thu May 16 16:54:53 PDT 2013","Wed May 01 16:54:20 PDT 2013","Wed May 01 16:54:53 PDT 2013","Thu May 02 16:17:49 PDT 2013",NA,NA,NA,NA,"","","","0.5962566844919787","","0.8663101604278075","","","","0","""complicated""","","",NA,"","","","0.22192513368983957","","","","","",NA,"","","0.5748663101604278","","","","","","","","","","","","0.4946524064171123","","0.5588235294117647",NA,"","","","","","","0.3877005347593583","0.32085561497326204","",NA,"","","",0.558823529411765,"0.026737967914438502","0.4117647058823529","","","","","","16"
"17","2P1VCNHMVHVKVC61XPT7AJ7BV2V13L","2YUXERSQV66R4INIP88V2AVKIJK2AG","How would you rate this picture? (2 mins)","Short 2-minute rating game.","experiment, psychology, game","$0.15","Wed May 01 16:34:07 PDT 2013",60,0,0,60,"Reviewable","NotReviewed","1 alien-artifacts",600,1296000,"Wed May 08 16:34:07 PDT 2013","http://requester.mturk.com/mturk/manageHIT?HITId=2P1VCNHMVHVKVC61XPT7AJ7BV2V13L","20YSVQ8H88MQDZR5KGMCO1R1JIDQ7T","Approved","Thu May 16 16:55:01 PDT 2013","Wed May 01 16:54:20 PDT 2013","Wed May 01 16:55:01 PDT 2013","Thu May 02 16:17:49 PDT 2013",NA,NA,NA,NA,"0.5748663101604278","","","","","1","","","0.41711229946524064","0","""complicated""","","",NA,"","","","0.7272727272727273","","","","","",NA,"","","","","","","","","","","","","","","0.1443850267379679","","",0.745989304812834,"0.3342245989304813","","","","","0.7914438502673797","","","",NA,"","","0.5828877005347594",NA,"","","0.36363636363636365","0.8262032085561497","","","","17"
"18","2P1VCNHMVHVKVC61XPT7AJ7BV2V13L","2YUXERSQV66R4INIP88V2AVKIJK2AG","How would you rate this picture? (2 mins)","Short 2-minute rating game.","experiment, psychology, game","$0.15","Wed May 01 16:34:07 PDT 2013",60,0,0,60,"Reviewable","NotReviewed","1 alien-artifacts",600,1296000,"Wed May 08 16:34:07 PDT 2013","http://requester.mturk.com/mturk/manageHIT?HITId=2P1VCNHMVHVKVC61XPT7AJ7BV2V13L","245D8XMB3Q39ITH6QYF6Z4EZE7ZGRO","Approved","Thu May 16 16:55:09 PDT 2013","Wed May 01 16:54:13 PDT 2013","Wed May 01 16:55:09 PDT 2013","Thu May 02 16:17:51 PDT 2013",NA,NA,NA,NA,"","","0.7005347593582888","","","1","0.5935828877005348","0","","0","""complicated""","","",1,"","","","","","","0.045454545454545456","","",NA,"","1","","","","","0.2620320855614973","","","","","","","","","0.6844919786096256","",NA,"","","","","","","","0.22459893048128343","",NA,"","","0.14171122994652408",NA,"","","","","","","","18"
"19","2P1VCNHMVHVKVC61XPT7AJ7BV2V13L","2YUXERSQV66R4INIP88V2AVKIJK2AG","How would you rate this picture? (2 mins)","Short 2-minute rating game.","experiment, psychology, game","$0.15","Wed May 01 16:34:07 PDT 2013",60,0,0,60,"Reviewable","NotReviewed","1 alien-artifacts",600,1296000,"Wed May 08 16:34:07 PDT 2013","http://requester.mturk.com/mturk/manageHIT?HITId=2P1VCNHMVHVKVC61XPT7AJ7BV2V13L","2IS6UFBNFSVGDEL35AJWCNG5166I4Y","Approved","Thu May 16 16:55:18 PDT 2013","Wed May 01 16:54:45 PDT 2013","Wed May 01 16:55:18 PDT 2013","Thu May 02 16:17:51 PDT 2013",NA,NA,NA,NA,"","","","","","0.7754010695187166","","","","0.16042780748663102","""complicated""","","",NA,"","0.5721925133689839","","0.37967914438502676","","","","0.8529411764705882","",NA,"","","","0.34759358288770054","","0.3502673796791444","","","","","","","","0.15508021390374332","","","",NA,"0.4411764705882353","","","","0.7727272727272727","","","0.5","",NA,"","","0.3716577540106952",NA,"","","","","","","","19"
"20","2P1VCNHMVHVKVC61XPT7AJ7BV2V13L","2YUXERSQV66R4INIP88V2AVKIJK2AG","How would you rate this picture? (2 mins)","Short 2-minute rating game.","experiment, psychology, game","$0.15","Wed May 01 16:34:07 PDT 2013",60,0,0,60,"Reviewable","NotReviewed","1 alien-artifacts",600,1296000,"Wed May 08 16:34:07 PDT 2013","http://requester.mturk.com/mturk/manageHIT?HITId=2P1VCNHMVHVKVC61XPT7AJ7BV2V13L","20I7Q67051QKVGX1YYHC7XMK4EYYEQ","Approved","Thu May 16 16:55:18 PDT 2013","Wed May 01 16:54:46 PDT 2013","Wed May 01 16:55:18 PDT 2013","Thu May 02 16:17:51 PDT 2013",NA,NA,NA,NA,"0.2914438502673797","","","0.7700534759358288","","0.9278074866310161","","","0.21657754010695188","0.058823529411764705","""complicated""","","",NA,"","0.4037433155080214","","","","0.37967914438502676","","","",NA,"","","0.6737967914438503","","","","0.5588235294117647","","","0.4090909090909091","","","","","","","",NA,"","","","","","","","","",NA,"","0.14705882352941177","",NA,"","","","","0.7486631016042781","","","20"
"21","2P1VCNHMVHVKVC61XPT7AJ7BV2V13L","2YUXERSQV66R4INIP88V2AVKIJK2AG","How would you rate this picture? (2 mins)","Short 2-minute rating game.","experiment, psychology, game","$0.15","Wed May 01 16:34:07 PDT 2013",60,0,0,60,"Reviewable","NotReviewed","1 alien-artifacts",600,1296000,"Wed May 08 16:34:07 PDT 2013","http://requester.mturk.com/mturk/manageHIT?HITId=2P1VCNHMVHVKVC61XPT7AJ7BV2V13L","2OWBLYHVI44OBVQLQD4NKZSFW38W2N","Approved","Thu May 16 16:55:27 PDT 2013","Wed May 01 16:54:33 PDT 2013","Wed May 01 16:55:27 PDT 2013","Thu May 02 16:17:45 PDT 2013",NA,NA,NA,NA,"","0.1711229946524064","","","","0.7433155080213903","","0.2967914438502674","","0.12834224598930483","""complicated""","","",NA,"","","","","","","","0.06951871657754011","",NA,"","","","0.24064171122994651","0.2192513368983957","","","","","0.6310160427807486","","","","","","","",NA,"","","","0.013368983957219251","","","","0.21390374331550802","",NA,"","","",NA,"","0.44385026737967914","","","","0.09090909090909091","","21"
"22","2P1VCNHMVHVKVC61XPT7AJ7BV2V13L","2YUXERSQV66R4INIP88V2AVKIJK2AG","How would you rate this picture? (2 mins)","Short 2-minute rating game.","experiment, psychology, game","$0.15","Wed May 01 16:34:07 PDT 2013",60,0,0,60,"Reviewable","NotReviewed","1 alien-artifacts",600,1296000,"Wed May 08 16:34:07 PDT 2013","http://requester.mturk.com/mturk/manageHIT?HITId=2P1VCNHMVHVKVC61XPT7AJ7BV2V13L","2L5DP8PJWKUDW13M78H3FZ0FS8WI7I","Approved","Thu May 16 16:55:42 PDT 2013","Wed May 01 16:54:52 PDT 2013","Wed May 01 16:55:42 PDT 2013","Thu May 02 16:17:49 PDT 2013",NA,NA,NA,NA,"","","0.6058201058201058","","","0.8201058201058201","","","","0","""complicated""","","",NA,"","","","","","","","","",NA,"0.08994708994708994","","","","","","","0.08994708994708994","","","","","","","","","",NA,"","","0.22486772486772486","","","","","","",0.296296296296296,"","","",NA,"0.23544973544973544","","0.10582010582010581","","0.7671957671957672","0","0.1693121693121693","22"
"23","2P1VCNHMVHVKVC61XPT7AJ7BV2V13L","2YUXERSQV66R4INIP88V2AVKIJK2AG","How would you rate this picture? (2 mins)","Short 2-minute rating game.","experiment, psychology, game","$0.15","Wed May 01 16:34:07 PDT 2013",60,0,0,60,"Reviewable","NotReviewed","1 alien-artifacts",600,1296000,"Wed May 08 16:34:07 PDT 2013","http://requester.mturk.com/mturk/manageHIT?HITId=2P1VCNHMVHVKVC61XPT7AJ7BV2V13L","2KMC26DG67D1GW10BPRCUK2N0FQE76","Approved","Thu May 16 16:55:46 PDT 2013","Wed May 01 16:54:50 PDT 2013","Wed May 01 16:55:46 PDT 2013","Thu May 02 16:17:47 PDT 2013",NA,NA,NA,NA,"","","","1","","1","","","","0.013368983957219251","""complicated""","0.339572192513369","",0.593582887700535,"0.25133689839572193","","","","","","","","",NA,"","","0.8288770053475936","","","","0.18449197860962566","","","0.5","","","","","","1","",NA,"","","0.32085561497326204","","0.7593582887700535","","","","",NA,"","","",NA,"","","","","","","","23"
"24","2P1VCNHMVHVKVC61XPT7AJ7BV2V13L","2YUXERSQV66R4INIP88V2AVKIJK2AG","How would you rate this picture? (2 mins)","Short 2-minute rating game.","experiment, psychology, game","$0.15","Wed May 01 16:34:07 PDT 2013",60,0,0,60,"Reviewable","NotReviewed","1 alien-artifacts",600,1296000,"Wed May 08 16:34:07 PDT 2013","http://requester.mturk.com/mturk/manageHIT?HITId=2P1VCNHMVHVKVC61XPT7AJ7BV2V13L","21KQV66RLPHICWNVSFMKO62R546E67","Approved","Thu May 16 16:55:47 PDT 2013","Wed May 01 16:54:32 PDT 2013","Wed May 01 16:55:47 PDT 2013","Thu May 02 16:17:47 PDT 2013",NA,NA,NA,NA,"","","","","","1","","","","0","""complicated""","","",NA,"","","0.7566844919786097","","","0.07219251336898395","","","",0.668449197860963,"","","","","","","","0.13101604278074866","","","","","","","0.8663101604278075","0.13636363636363635","",NA,"","0","0.5","","","","","","",1,"","","",NA,"","0","","","","","","24"
"25","2P1VCNHMVHVKVC61XPT7AJ7BV2V13L","2YUXERSQV66R4INIP88V2AVKIJK2AG","How would you rate this picture? (2 mins)","Short 2-minute rating game.","experiment, psychology, game","$0.15","Wed May 01 16:34:07 PDT 2013",60,0,0,60,"Reviewable","NotReviewed","1 alien-artifacts",600,1296000,"Wed May 08 16:34:07 PDT 2013","http://requester.mturk.com/mturk/manageHIT?HITId=2P1VCNHMVHVKVC61XPT7AJ7BV2V13L","2J0D8J3VE7WSBMTY8LUMIK8EFGZZJ4","Approved","Thu May 16 16:55:56 PDT 2013","Wed May 01 16:55:22 PDT 2013","Wed May 01 16:55:56 PDT 2013","Thu May 02 16:17:46 PDT 2013",NA,NA,NA,NA,"","","0.44385026737967914","","","0.679144385026738","","","","0.25668449197860965","""complicated""","","",NA,"","","","","","","","","",NA,"","","","","","","","","","0.5935828877005348","","","","","","","0.2994652406417112",NA,"","","","","0.4117647058823529","","0.30213903743315507","0.42513368983957217","",NA,"","","",NA,"0.45989304812834225","","","0.5427807486631016","0.5401069518716578","0.45454545454545453","","25"
"26","2P1VCNHMVHVKVC61XPT7AJ7BV2V13L","2YUXERSQV66R4INIP88V2AVKIJK2AG","How would you rate this picture? (2 mins)","Short 2-minute rating game.","experiment, psychology, game","$0.15","Wed May 01 16:34:07 PDT 2013",60,0,0,60,"Reviewable","NotReviewed","1 alien-artifacts",600,1296000,"Wed May 08 16:34:07 PDT 2013","http://requester.mturk.com/mturk/manageHIT?HITId=2P1VCNHMVHVKVC61XPT7AJ7BV2V13L","2WBTUHYW2GTPSKG7OANM7692E2IQL2","Approved","Thu May 16 16:56:28 PDT 2013","Wed May 01 16:55:56 PDT 2013","Wed May 01 16:56:28 PDT 2013","Thu May 02 16:17:50 PDT 2013",NA,NA,NA,NA,"","","0.5","0.7005347593582888","","0.8288770053475936","","","","0.06684491978609626","""complicated""","","0.4411764705882353",NA,"","","","","0.41711229946524064","","","","",NA,"","","","","0.44385026737967914","","","","","","","","","0.8689839572192514","","","",0.689839572192513,"","","","","","","","0.5721925133689839","",NA,"","0.2994652406417112","",NA,"","","","","","","0.5427807486631016","26"
"27","2P1VCNHMVHVKVC61XPT7AJ7BV2V13L","2YUXERSQV66R4INIP88V2AVKIJK2AG","How would you rate this picture? (2 mins)","Short 2-minute rating game.","experiment, psychology, game","$0.15","Wed May 01 16:34:07 PDT 2013",60,0,0,60,"Reviewable","NotReviewed","1 alien-artifacts",600,1296000,"Wed May 08 16:34:07 PDT 2013","http://requester.mturk.com/mturk/manageHIT?HITId=2P1VCNHMVHVKVC61XPT7AJ7BV2V13L","2ERMAZHHRRLF9TUNJ0IH7KHSVSKMDW","Approved","Thu May 16 16:56:33 PDT 2013","Wed May 01 16:55:46 PDT 2013","Wed May 01 16:56:33 PDT 2013","Thu May 02 16:17:48 PDT 2013",NA,NA,NA,NA,"","","","","","0.8449197860962567","","","","0.31016042780748665","""complicated""","","",NA,"","","","","","0.45187165775401067","0.2700534759358289","","0.5",NA,"","","","","","0.2887700534759358","","","","","","","","0.6871657754010695","","","",NA,"","","","0.13101604278074866","","","","0.5508021390374331","0.4197860962566845",NA,"0.46524064171123","","",NA,"","","","","0.7486631016042781","","","27"
"28","2P1VCNHMVHVKVC61XPT7AJ7BV2V13L","2YUXERSQV66R4INIP88V2AVKIJK2AG","How would you rate this picture? (2 mins)","Short 2-minute rating game.","experiment, psychology, game","$0.15","Wed May 01 16:34:07 PDT 2013",60,0,0,60,"Reviewable","NotReviewed","1 alien-artifacts",600,1296000,"Wed May 08 16:34:07 PDT 2013","http://requester.mturk.com/mturk/manageHIT?HITId=2P1VCNHMVHVKVC61XPT7AJ7BV2V13L","25I8H88MQU6LOHHV8NSR3X4E4XITA1","Approved","Thu May 16 16:56:37 PDT 2013","Wed May 01 16:55:07 PDT 2013","Wed May 01 16:56:37 PDT 2013","Thu May 02 16:17:52 PDT 2013",NA,NA,NA,NA,"","","","","","0.8021390374331551","","","","0.11764705882352941","""complicated""","","",NA,"","","","","","","","","",NA,"0.15240641711229946","0.7887700534759359","0.34759358288770054","0.5","","","","0.5240641711229946","0.17914438502673796","","","","","","","","",NA,"0.47593582887700536","","","","","","","0.5","0.17914438502673796",NA,"","","",NA,"0.5588235294117647","","","","","","","28"
"29","2P1VCNHMVHVKVC61XPT7AJ7BV2V13L","2YUXERSQV66R4INIP88V2AVKIJK2AG","How would you rate this picture? (2 mins)","Short 2-minute rating game.","experiment, psychology, game","$0.15","Wed May 01 16:34:07 PDT 2013",60,0,0,60,"Reviewable","NotReviewed","1 alien-artifacts",600,1296000,"Wed May 08 16:34:07 PDT 2013","http://requester.mturk.com/mturk/manageHIT?HITId=2P1VCNHMVHVKVC61XPT7AJ7BV2V13L","22O6NG1FS3NY6CHYB66ZYZL6J54ZL6","Approved","Thu May 16 16:56:46 PDT 2013","Wed May 01 16:55:38 PDT 2013","Wed May 01 16:56:46 PDT 2013","Thu May 02 16:17:44 PDT 2013",NA,NA,NA,NA,"","","","","","0.9545454545454546","","","","0.05614973262032086","""complicated""","0.37967914438502676","",0.697860962566845,"","","","","","","","","",NA,"","","","","0.12566844919786097","","0.3235294117647059","","","0.6844919786096256","","","","0.6951871657754011","0.32085561497326204","","",NA,"","","","","","","","","",NA,"","0.12566844919786097","0.29411764705882354",NA,"","","","","0.8475935828877005","","","29"
"30","2P1VCNHMVHVKVC61XPT7AJ7BV2V13L","2YUXERSQV66R4INIP88V2AVKIJK2AG","How would you rate this picture? (2 mins)","Short 2-minute rating game.","experiment, psychology, game","$0.15","Wed May 01 16:34:07 PDT 2013",60,0,0,60,"Reviewable","NotReviewed","1 alien-artifacts",600,1296000,"Wed May 08 16:34:07 PDT 2013","http://requester.mturk.com/mturk/manageHIT?HITId=2P1VCNHMVHVKVC61XPT7AJ7BV2V13L","28X8B727M0IGYDNDXBPFYVF8HWSXCR","Approved","Thu May 16 16:57:30 PDT 2013","Wed May 01 16:56:28 PDT 2013","Wed May 01 16:57:30 PDT 2013","Thu May 02 16:17:52 PDT 2013",NA,NA,NA,NA,"","","","","","0.839572192513369","","","","0.05080213903743316","""complicated""","0.22192513368983957","",NA,"","","","","","","","","0.6203208556149733",NA,"","","","0.23796791443850268","","","","","0.18181818181818182","0.7647058823529411","","","","","","","",0.625668449197861,"","","","","","0.7032085561497327","0.7379679144385026","","",NA,"","","",NA,"","0.606951871657754","","","0.8663101604278075","","","30"
"31","2P1VCNHMVHVKVC61XPT7AJ7BV2V13L","2YUXERSQV66R4INIP88V2AVKIJK2AG","How would you rate this picture? (2 mins)","Short 2-minute rating game.","experiment, psychology, game","$0.15","Wed May 01 16:34:07 PDT 2013",60,0,0,60,"Reviewable","NotReviewed","1 alien-artifacts",600,1296000,"Wed May 08 16:34:07 PDT 2013","http://requester.mturk.com/mturk/manageHIT?HITId=2P1VCNHMVHVKVC61XPT7AJ7BV2V13L","2MPKNQY2RCJKPW5VA88R6KUMW4DS3G","Approved","Thu May 16 16:57:40 PDT 2013","Wed May 01 16:56:48 PDT 2013","Wed May 01 16:57:40 PDT 2013","Thu May 02 16:17:47 PDT 2013",NA,NA,NA,NA,"0.15775401069518716","","","","","0.7593582887700535","","","","0.03208556149732621","""complicated""","","0",NA,"","","","","","","","","",NA,"","","0.3181818181818182","","","","","","","","","","","","","","",0.844919786096257,"","","","0","0.21122994652406418","0.3449197860962567","","0","0",NA,"","","",NA,"","","","0.6524064171122995","","","","31"
"32","2P1VCNHMVHVKVC61XPT7AJ7BV2V13L","2YUXERSQV66R4INIP88V2AVKIJK2AG","How would you rate this picture? (2 mins)","Short 2-minute rating game.","experiment, psychology, game","$0.15","Wed May 01 16:34:07 PDT 2013",60,0,0,60,"Reviewable","NotReviewed","1 alien-artifacts",600,1296000,"Wed May 08 16:34:07 PDT 2013","http://requester.mturk.com/mturk/manageHIT?HITId=2P1VCNHMVHVKVC61XPT7AJ7BV2V13L","2DFAB6BFMFFOHROTXYAFJGEWYEUWJA","Approved","Thu May 16 16:58:00 PDT 2013","Wed May 01 16:57:22 PDT 2013","Wed May 01 16:58:00 PDT 2013","Thu May 02 16:17:49 PDT 2013",NA,NA,NA,NA,"","0.16844919786096257","","","","0.8181818181818182","0.29411764705882354","","","0.22459893048128343","""complicated""","","",NA,"","","","","","","0.20320855614973263","","0.09893048128342247",NA,"","","0.5401069518716578","","","","","","","","","","0.6657754010695187","0.660427807486631","","","",NA,"","","","","","","","","",NA,"","0.10427807486631016","0.4385026737967914",NA,"","0.660427807486631","","","","","","32"
"33","2P1VCNHMVHVKVC61XPT7AJ7BV2V13L","2YUXERSQV66R4INIP88V2AVKIJK2AG","How would you rate this picture? (2 mins)","Short 2-minute rating game.","experiment, psychology, game","$0.15","Wed May 01 16:34:07 PDT 2013",60,0,0,60,"Reviewable","NotReviewed","1 alien-artifacts",600,1296000,"Wed May 08 16:34:07 PDT 2013","http://requester.mturk.com/mturk/manageHIT?HITId=2P1VCNHMVHVKVC61XPT7AJ7BV2V13L","2MOY2AOO2GMMX9UOCVJCS6IEWGX55I","Approved","Thu May 16 16:58:05 PDT 2013","Wed May 01 16:57:30 PDT 2013","Wed May 01 16:58:05 PDT 2013","Thu May 02 16:17:49 PDT 2013",NA,NA,NA,NA,"","","","","","1","","","","0.0106951871657754","""complicated""","","",NA,"","","","","","","","","",NA,"","","","","","","","0.3235294117647059","","0.6818181818181818","","","","0.6149732620320856","","0.3770053475935829","",NA,"","","","","","","","","",NA,"0.56951871657754","","",NA,"0.6122994652406417","","0.14705882352941177","0.679144385026738","0.4411764705882353","","0.820855614973262","33"
"34","2P1VCNHMVHVKVC61XPT7AJ7BV2V13L","2YUXERSQV66R4INIP88V2AVKIJK2AG","How would you rate this picture? (2 mins)","Short 2-minute rating game.","experiment, psychology, game","$0.15","Wed May 01 16:34:07 PDT 2013",60,0,0,60,"Reviewable","NotReviewed","1 alien-artifacts",600,1296000,"Wed May 08 16:34:07 PDT 2013","http://requester.mturk.com/mturk/manageHIT?HITId=2P1VCNHMVHVKVC61XPT7AJ7BV2V13L","2WNHVKCJ011KL0AJ3EBQ261C9IA97R","Approved","Thu May 16 16:58:29 PDT 2013","Wed May 01 16:57:33 PDT 2013","Wed May 01 16:58:29 PDT 2013","Thu May 02 16:17:50 PDT 2013",NA,NA,NA,NA,"","","","","","0.9491978609625669","","","","0.016042780748663103","""complicated""","","",NA,"","","","","0.232620320855615","0.22459893048128343","0.05614973262032086","0.12834224598930483","",NA,"0.2540106951871658","0.9732620320855615","","","","","","","","0.713903743315508","","","","","","","",NA,"","","0.3074866310160428","","","","","","",NA,"","","0.6684491978609626",NA,"","","","0.7005347593582888","","","","34"
"35","2P1VCNHMVHVKVC61XPT7AJ7BV2V13L","2YUXERSQV66R4INIP88V2AVKIJK2AG","How would you rate this picture? (2 mins)","Short 2-minute rating game.","experiment, psychology, game","$0.15","Wed May 01 16:34:07 PDT 2013",60,0,0,60,"Reviewable","NotReviewed","1 alien-artifacts",600,1296000,"Wed May 08 16:34:07 PDT 2013","http://requester.mturk.com/mturk/manageHIT?HITId=2P1VCNHMVHVKVC61XPT7AJ7BV2V13L","247J51Y7QEOZYRWSXHJTSOF1DRWCFF","Approved","Thu May 16 16:58:56 PDT 2013","Wed May 01 16:58:07 PDT 2013","Wed May 01 16:58:56 PDT 2013","Thu May 02 16:17:50 PDT 2013",NA,NA,NA,NA,"","","","","","0.8716577540106952","","","","0.13101604278074866","""complicated""","","",NA,"","","","","","0.3235294117647059","","","",NA,"","0.7727272727272727","0.4572192513368984","","","","0.24064171122994651","0.21657754010695188","","0.6096256684491979","","","","","","","0.38235294117647056",NA,"","","","","0.6737967914438503","","","","",NA,"","","",NA,"","0.5","0.31016042780748665","","","","","35"
"36","2P1VCNHMVHVKVC61XPT7AJ7BV2V13L","2YUXERSQV66R4INIP88V2AVKIJK2AG","How would you rate this picture? (2 mins)","Short 2-minute rating game.","experiment, psychology, game","$0.15","Wed May 01 16:34:07 PDT 2013",60,0,0,60,"Reviewable","NotReviewed","1 alien-artifacts",600,1296000,"Wed May 08 16:34:07 PDT 2013","http://requester.mturk.com/mturk/manageHIT?HITId=2P1VCNHMVHVKVC61XPT7AJ7BV2V13L","2X7SVGULF395BPCNC66S9NYR5P3AOY","Approved","Thu May 16 16:58:58 PDT 2013","Wed May 01 16:57:52 PDT 2013","Wed May 01 16:58:58 PDT 2013","Thu May 02 16:17:53 PDT 2013",NA,NA,NA,NA,"","","","","","0.40641711229946526","","","0.21657754010695188","0.06149732620320856","""complicated""","","0.15240641711229946",NA,"","0.14171122994652408","","","","","","","",NA,"","","","","","","","0.15240641711229946","","","","","","","","","",NA,"","","","","0.17647058823529413","","","","0.0427807486631016",NA,"","","",NA,"0.21657754010695188","","0.09893048128342247","0.27540106951871657","0.5588235294117647","","","36"
"37","2P1VCNHMVHVKVC61XPT7AJ7BV2V13L","2YUXERSQV66R4INIP88V2AVKIJK2AG","How would you rate this picture? (2 mins)","Short 2-minute rating game.","experiment, psychology, game","$0.15","Wed May 01 16:34:07 PDT 2013",60,0,0,60,"Reviewable","NotReviewed","1 alien-artifacts",600,1296000,"Wed May 08 16:34:07 PDT 2013","http://requester.mturk.com/mturk/manageHIT?HITId=2P1VCNHMVHVKVC61XPT7AJ7BV2V13L","2ZVTVOK5UFJ5KRDQATQF4QS5Y6Y85N","Approved","Thu May 16 16:59:15 PDT 2013","Wed May 01 16:58:43 PDT 2013","Wed May 01 16:59:15 PDT 2013","Thu May 02 16:17:48 PDT 2013",NA,NA,NA,NA,"0.328","","","","","1","","","","0","""complicated""","","",NA,"","","","","","0.5946666666666667","","","0.672",0.96,"","","","0.44533333333333336","","","","","","","","","","","","","",NA,"","","0.09866666666666667","","","","","","",0.741333333333333,"","","0.23466666666666666",NA,"0.44266666666666665","","","","","","0.6346666666666667","37"
"38","2P1VCNHMVHVKVC61XPT7AJ7BV2V13L","2YUXERSQV66R4INIP88V2AVKIJK2AG","How would you rate this picture? (2 mins)","Short 2-minute rating game.","experiment, psychology, game","$0.15","Wed May 01 16:34:07 PDT 2013",60,0,0,60,"Reviewable","NotReviewed","1 alien-artifacts",600,1296000,"Wed May 08 16:34:07 PDT 2013","http://requester.mturk.com/mturk/manageHIT?HITId=2P1VCNHMVHVKVC61XPT7AJ7BV2V13L","25OAVKI62NJQLUD2VE0QN6BO7QZSKR","Approved","Thu May 16 16:59:40 PDT 2013","Wed May 01 16:58:33 PDT 2013","Wed May 01 16:59:40 PDT 2013","Thu May 02 16:17:45 PDT 2013",NA,NA,NA,NA,"","0.20588235294117646","","","","0.6737967914438503","","","","0.0962566844919786","""complicated""","","",NA,"0.4197860962566845","","","","","0.3074866310160428","","","",NA,"","","","","","","","","","0.3716577540106952","","","0.40641711229946526","","","0.44919786096256686","",NA,"","","","","0.5374331550802139","","","","",0.315508021390374,"","0.2914438502673797","",NA,"","","","","0.4037433155080214","","","38"
"39","2P1VCNHMVHVKVC61XPT7AJ7BV2V13L","2YUXERSQV66R4INIP88V2AVKIJK2AG","How would you rate this picture? (2 mins)","Short 2-minute rating game.","experiment, psychology, game","$0.15","Wed May 01 16:34:07 PDT 2013",60,0,0,60,"Reviewable","NotReviewed","1 alien-artifacts",600,1296000,"Wed May 08 16:34:07 PDT 2013","http://requester.mturk.com/mturk/manageHIT?HITId=2P1VCNHMVHVKVC61XPT7AJ7BV2V13L","2NMCF806UFBNYL1GQQ63F5S0S1L0ET","Approved","Thu May 16 16:59:55 PDT 2013","Wed May 01 16:59:21 PDT 2013","Wed May 01 16:59:55 PDT 2013","Thu May 02 16:17:45 PDT 2013",NA,NA,NA,NA,"","","","","","1","","0.2192513368983957","","0.0962566844919786","""complicated""","","",NA,"","","0.6016042780748663","","","","","","0.7593582887700535",NA,"0.13101604278074866","","","","","0.3716577540106952","","","","","0.8422459893048129","","","","","","",NA,"","","0.39037433155080214","","","","","","",NA,"0.6417112299465241","","0.43315508021390375",NA,"","0.5802139037433155","","","","","","39"
"40","2P1VCNHMVHVKVC61XPT7AJ7BV2V13L","2YUXERSQV66R4INIP88V2AVKIJK2AG","How would you rate this picture? (2 mins)","Short 2-minute rating game.","experiment, psychology, game","$0.15","Wed May 01 16:34:07 PDT 2013",60,0,0,60,"Reviewable","NotReviewed","1 alien-artifacts",600,1296000,"Wed May 08 16:34:07 PDT 2013","http://requester.mturk.com/mturk/manageHIT?HITId=2P1VCNHMVHVKVC61XPT7AJ7BV2V13L","21DPHIT3HVWAEDO6YSAQ8176LNDKCP","Approved","Thu May 16 17:00:05 PDT 2013","Wed May 01 16:59:21 PDT 2013","Wed May 01 17:00:05 PDT 2013","Thu May 02 16:17:46 PDT 2013",NA,NA,NA,NA,"","0.18983957219251338","0.5828877005347594","","","0.7914438502673797","","","","0.034759358288770054","""complicated""","0.2192513368983957","",NA,"","","","","","","","","",0.588235294117647,"","","","","","0.31283422459893045","0.7272727272727273","0.56951871657754","","","","","","","","","",0.697860962566845,"","","","","","","","","",NA,"","","",NA,"","0.6550802139037433","0.37433155080213903","","","","","40"
"41","2P1VCNHMVHVKVC61XPT7AJ7BV2V13L","2YUXERSQV66R4INIP88V2AVKIJK2AG","How would you rate this picture? (2 mins)","Short 2-minute rating game.","experiment, psychology, game","$0.15","Wed May 01 16:34:07 PDT 2013",60,0,0,60,"Reviewable","NotReviewed","1 alien-artifacts",600,1296000,"Wed May 08 16:34:07 PDT 2013","http://requester.mturk.com/mturk/manageHIT?HITId=2P1VCNHMVHVKVC61XPT7AJ7BV2V13L","2V7Q0ONNVRH13AU9ALIBD6NZVZOVM4","Approved","Thu May 16 17:00:08 PDT 2013","Wed May 01 16:59:23 PDT 2013","Wed May 01 17:00:08 PDT 2013","Thu May 02 16:17:48 PDT 2013",NA,NA,NA,NA,"0.31283422459893045","","","0.4572192513368984","","1","","","","0.08288770053475936","""complicated""","0.3181818181818182","",NA,"","","","","","0.37967914438502676","","","",NA,"","","","","","","","","","","","","","","","","0.26737967914438504",NA,"","","","","","","0.7005347593582888","","",NA,"0.5748663101604278","","",0.703208556149733,"0.25935828877005346","","","","0.9064171122994652","","","41"
"42","2P1VCNHMVHVKVC61XPT7AJ7BV2V13L","2YUXERSQV66R4INIP88V2AVKIJK2AG","How would you rate this picture? (2 mins)","Short 2-minute rating game.","experiment, psychology, game","$0.15","Wed May 01 16:34:07 PDT 2013",60,0,0,60,"Reviewable","NotReviewed","1 alien-artifacts",600,1296000,"Wed May 08 16:34:07 PDT 2013","http://requester.mturk.com/mturk/manageHIT?HITId=2P1VCNHMVHVKVC61XPT7AJ7BV2V13L","2GP3YOCCF0CPOD3PPNEIOXYKQ3QSTX","Approved","Thu May 16 17:00:35 PDT 2013","Wed May 01 16:59:43 PDT 2013","Wed May 01 17:00:35 PDT 2013","Thu May 02 16:17:47 PDT 2013",NA,NA,NA,NA,"","","","","","0.8636363636363636","0.24866310160427807","","0.35294117647058826","0.06684491978609626","""complicated""","","",NA,"0.6684491978609626","","0.6925133689839572","","","0.5374331550802139","","","",NA,"","","","","","","","","","","0.8957219251336899","","","0.393048128342246","","0.3770053475935829","",NA,"","","","","","0.7914438502673797","","","",NA,"","","0.7807486631016043",NA,"","","","","","","","42"
"43","2P1VCNHMVHVKVC61XPT7AJ7BV2V13L","2YUXERSQV66R4INIP88V2AVKIJK2AG","How would you rate this picture? (2 mins)","Short 2-minute rating game.","experiment, psychology, game","$0.15","Wed May 01 16:34:07 PDT 2013",60,0,0,60,"Reviewable","NotReviewed","1 alien-artifacts",600,1296000,"Wed May 08 16:34:07 PDT 2013","http://requester.mturk.com/mturk/manageHIT?HITId=2P1VCNHMVHVKVC61XPT7AJ7BV2V13L","2ZBWKUDD8XMBMJ99V5260TOAFIINCX","Approved","Thu May 16 17:00:44 PDT 2013","Wed May 01 17:00:04 PDT 2013","Wed May 01 17:00:44 PDT 2013","Thu May 02 16:17:46 PDT 2013",NA,NA,NA,NA,"","","","","","0.9812834224598931","","","","0.08288770053475936","""complicated""","","",NA,"","0.6310160427807486","","","","0.13101604278074866","","","",NA,"0.05614973262032086","","","","0.7513368983957219","","","","","","","0.00267379679144385","","","","","",0.767379679144385,"0.1711229946524064","","","","","","","","",NA,"0.37433155080213903","","",NA,"0.6524064171122995","","","","","","0.25935828877005346","43"
"44","2P1VCNHMVHVKVC61XPT7AJ7BV2V13L","2YUXERSQV66R4INIP88V2AVKIJK2AG","How would you rate this picture? (2 mins)","Short 2-minute rating game.","experiment, psychology, game","$0.15","Wed May 01 16:34:07 PDT 2013",60,0,0,60,"Reviewable","NotReviewed","1 alien-artifacts",600,1296000,"Wed May 08 16:34:07 PDT 2013","http://requester.mturk.com/mturk/manageHIT?HITId=2P1VCNHMVHVKVC61XPT7AJ7BV2V13L","2OJILKH1Q6SV91N84RHUCL5SX9H0JE","Approved","Thu May 16 17:00:59 PDT 2013","Wed May 01 17:00:15 PDT 2013","Wed May 01 17:00:59 PDT 2013","Thu May 02 16:17:50 PDT 2013",NA,NA,NA,NA,"","0.2275132275132275","","","","0.8544973544973545","","","","0.007936507936507936","""complicated""","","",NA,"","","0.5","","","","","","0.3941798941798942",NA,"","0.8544973544973545","","","0.5952380952380952","0","","","","","","","","","","","",NA,"","0.5978835978835979","","","","","","0.15343915343915343","0.12962962962962962",NA,"","","",NA,"0.3544973544973545","","","","","","","44"
"45","2P1VCNHMVHVKVC61XPT7AJ7BV2V13L","2YUXERSQV66R4INIP88V2AVKIJK2AG","How would you rate this picture? (2 mins)","Short 2-minute rating game.","experiment, psychology, game","$0.15","Wed May 01 16:34:07 PDT 2013",60,0,0,60,"Reviewable","NotReviewed","1 alien-artifacts",600,1296000,"Wed May 08 16:34:07 PDT 2013","http://requester.mturk.com/mturk/manageHIT?HITId=2P1VCNHMVHVKVC61XPT7AJ7BV2V13L","2SSOUQIHPCGJL681K8N53H0NB3X60E","Approved","Thu May 16 17:01:55 PDT 2013","Wed May 01 17:01:30 PDT 2013","Wed May 01 17:01:55 PDT 2013","Thu May 02 16:17:44 PDT 2013",NA,NA,NA,NA,"","","","0.5588235294117647","0.7219251336898396","0.7540106951871658","","","","0.3502673796791444","""complicated""","","",NA,"0.5401069518716578","","","","","","0.28342245989304815","","0.5508021390374331",0.620320855614973,"","","","0.30213903743315507","","","","","0.29411764705882354","","","","","","","","",NA,"","","","","","0.39572192513368987","","","",NA,"","0.10695187165775401","",NA,"","","","","","","","45"
"46","2P1VCNHMVHVKVC61XPT7AJ7BV2V13L","2YUXERSQV66R4INIP88V2AVKIJK2AG","How would you rate this picture? (2 mins)","Short 2-minute rating game.","experiment, psychology, game","$0.15","Wed May 01 16:34:07 PDT 2013",60,0,0,60,"Reviewable","NotReviewed","1 alien-artifacts",600,1296000,"Wed May 08 16:34:07 PDT 2013","http://requester.mturk.com/mturk/manageHIT?HITId=2P1VCNHMVHVKVC61XPT7AJ7BV2V13L","29BMJUNU8LZ6A06G1W08J8J7HSBI23","Approved","Thu May 16 17:02:12 PDT 2013","Wed May 01 17:01:30 PDT 2013","Wed May 01 17:02:12 PDT 2013","Thu May 02 16:17:52 PDT 2013",NA,NA,NA,NA,"","","","","","0.9010695187165776","","","","0.22459893048128343","""complicated""","","",NA,"","0.232620320855615","0.37967914438502676","","","","","0.08021390374331551","",NA,"","0.8155080213903744","","0.42780748663101603","","","","","","","0.660427807486631","","","0.3181818181818182","","","",NA,"0.3502673796791444","","","","","","","","0.07754010695187166",NA,"0.6363636363636364","","",NA,"","","","","","","","46"
"47","2P1VCNHMVHVKVC61XPT7AJ7BV2V13L","2YUXERSQV66R4INIP88V2AVKIJK2AG","How would you rate this picture? (2 mins)","Short 2-minute rating game.","experiment, psychology, game","$0.15","Wed May 01 16:34:07 PDT 2013",60,0,0,60,"Reviewable","NotReviewed","1 alien-artifacts",600,1296000,"Wed May 08 16:34:07 PDT 2013","http://requester.mturk.com/mturk/manageHIT?HITId=2P1VCNHMVHVKVC61XPT7AJ7BV2V13L","2JCQW618N46UG8ID0AOCKTNHE1XNPB","Approved","Thu May 16 17:02:19 PDT 2013","Wed May 01 17:01:32 PDT 2013","Wed May 01 17:02:19 PDT 2013","Thu May 02 16:17:48 PDT 2013",NA,NA,NA,NA,"","","","","","1","","","","0.23529411764705882","""complicated""","","",NA,"","","","","0.6524064171122995","","","","0.7005347593582888",NA,"","","0.7005347593582888","","","","","","","","","","","0.5","","","",NA,"","0.7005347593582888","","","0.7032085561497327","","","","",0.679144385026738,"","","",NA,"0.3235294117647059","","0.18181818181818182","0.8262032085561497","","","","47"
"48","2P1VCNHMVHVKVC61XPT7AJ7BV2V13L","2YUXERSQV66R4INIP88V2AVKIJK2AG","How would you rate this picture? (2 mins)","Short 2-minute rating game.","experiment, psychology, game","$0.15","Wed May 01 16:34:07 PDT 2013",60,0,0,60,"Reviewable","NotReviewed","1 alien-artifacts",600,1296000,"Wed May 08 16:34:07 PDT 2013","http://requester.mturk.com/mturk/manageHIT?HITId=2P1VCNHMVHVKVC61XPT7AJ7BV2V13L","2D5HJHP4BDDKZX48NXO933G7RL0Y5Q","Approved","Thu May 16 17:02:33 PDT 2013","Wed May 01 17:01:30 PDT 2013","Wed May 01 17:02:33 PDT 2013","Thu May 02 16:17:48 PDT 2013",NA,NA,NA,NA,"","","","0.7883597883597884","","0.7142857142857143","","","","0","""complicated""","","0.2724867724867725",NA,"","","","0.4021164021164021","","","","","",NA,"","","","","0.43915343915343913","","","","","","","0.29894179894179895","","0.6455026455026455","","","",NA,"","","","","","","","","0.2698412698412698",0.55026455026455,"","","0.6402116402116402",NA,"0.5555555555555556","","","","","","","48"
"49","2P1VCNHMVHVKVC61XPT7AJ7BV2V13L","2YUXERSQV66R4INIP88V2AVKIJK2AG","How would you rate this picture? (2 mins)","Short 2-minute rating game.","experiment, psychology, game","$0.15","Wed May 01 16:34:07 PDT 2013",60,0,0,60,"Reviewable","NotReviewed","1 alien-artifacts",600,1296000,"Wed May 08 16:34:07 PDT 2013","http://requester.mturk.com/mturk/manageHIT?HITId=2P1VCNHMVHVKVC61XPT7AJ7BV2V13L","2Q5HDM25L8I96S26DJQ6UE4UILXQGX","Approved","Thu May 16 17:03:05 PDT 2013","Wed May 01 17:02:38 PDT 2013","Wed May 01 17:03:05 PDT 2013","Thu May 02 16:17:53 PDT 2013",NA,NA,NA,NA,"","0.2540106951871658","","0.7834224598930482","0.9144385026737968","0.9064171122994652","","","","0.08021390374331551","""complicated""","","",0.871657754010695,"","","","","","","","","",NA,"","","","0.16310160427807488","","","0.7834224598930482","","","","","","","","0.5614973262032086","","",NA,"","","","","","","","","0.21657754010695188",NA,"","","",NA,"","","","1","","0.4411764705882353","","49"
"50","2P1VCNHMVHVKVC61XPT7AJ7BV2V13L","2YUXERSQV66R4INIP88V2AVKIJK2AG","How would you rate this picture? (2 mins)","Short 2-minute rating game.","experiment, psychology, game","$0.15","Wed May 01 16:34:07 PDT 2013",60,0,0,60,"Reviewable","NotReviewed","1 alien-artifacts",600,1296000,"Wed May 08 16:34:07 PDT 2013","http://requester.mturk.com/mturk/manageHIT?HITId=2P1VCNHMVHVKVC61XPT7AJ7BV2V13L","2UG2L92HECWAPQ9YKH3F6CP96BTIHL","Approved","Thu May 16 17:03:35 PDT 2013","Wed May 01 17:02:43 PDT 2013","Wed May 01 17:03:35 PDT 2013","Thu May 02 16:17:46 PDT 2013",NA,NA,NA,NA,"0.11764705882352941","","","","0.7967914438502673","0.8556149732620321","","","","0.09090909090909091","""complicated""","","",0.655080213903743,"","","","","","","","","",NA,"","","","","0.0427807486631016","","","","","0.8449197860962567","","","","","","","",0.762032085561497,"0.13636363636363635","","","","","","","","",NA,"","","",0.855614973262032,"","","0.06684491978609626","0.6470588235294118","","","","50"
"51","2P1VCNHMVHVKVC61XPT7AJ7BV2V13L","2YUXERSQV66R4INIP88V2AVKIJK2AG","How would you rate this picture? (2 mins)","Short 2-minute rating game.","experiment, psychology, game","$0.15","Wed May 01 16:34:07 PDT 2013",60,0,0,60,"Reviewable","NotReviewed","1 alien-artifacts",600,1296000,"Wed May 08 16:34:07 PDT 2013","http://requester.mturk.com/mturk/manageHIT?HITId=2P1VCNHMVHVKVC61XPT7AJ7BV2V13L","2HSG5R98D8J3E7DWOXKN4CG78QPEUA","Approved","Thu May 16 17:03:57 PDT 2013","Wed May 01 17:03:12 PDT 2013","Wed May 01 17:03:57 PDT 2013","Thu May 02 16:18:11 PDT 2013",NA,NA,NA,NA,"","","0.6293333333333333","","0.624","0.9866666666666667","","","","0.23733333333333334","""complicated""","","",NA,"0.336","","","","","","","","",NA,"","","","","","0.22666666666666666","","","","","","0.16","0.21333333333333335","","","","",NA,"","","","0.15466666666666667","","","","","",NA,"","","",0.653333333333333,"","","0.472","","0.816","","","51"
"52","2P1VCNHMVHVKVC61XPT7AJ7BV2V13L","2YUXERSQV66R4INIP88V2AVKIJK2AG","How would you rate this picture? (2 mins)","Short 2-minute rating game.","experiment, psychology, game","$0.15","Wed May 01 16:34:07 PDT 2013",60,0,0,60,"Reviewable","NotReviewed","1 alien-artifacts",600,1296000,"Wed May 08 16:34:07 PDT 2013","http://requester.mturk.com/mturk/manageHIT?HITId=2P1VCNHMVHVKVC61XPT7AJ7BV2V13L","298KPEIB9BAW4LSXLVWV3UD787W0X2","Approved","Thu May 16 17:04:03 PDT 2013","Wed May 01 17:03:06 PDT 2013","Wed May 01 17:04:03 PDT 2013","Thu May 02 16:18:11 PDT 2013",NA,NA,NA,NA,"","","","","","0.9812834224598931","","","","0.17914438502673796","""complicated""","","",NA,"0.5775401069518716","","","","","","0.3074866310160428","","",NA,"0.14705882352941177","","","","","0.1443850267379679","","","0.56951871657754","","","","","","","","",0.631016042780749,"","0.36363636363636365","","","","","0.12032085561497326","0.18983957219251338","",NA,"","","",NA,"0.16844919786096257","","","","","","","52"
"53","2P1VCNHMVHVKVC61XPT7AJ7BV2V13L","2YUXERSQV66R4INIP88V2AVKIJK2AG","How would you rate this picture? (2 mins)","Short 2-minute rating game.","experiment, psychology, game","$0.15","Wed May 01 16:34:07 PDT 2013",60,0,0,60,"Reviewable","NotReviewed","1 alien-artifacts",600,1296000,"Wed May 08 16:34:07 PDT 2013","http://requester.mturk.com/mturk/manageHIT?HITId=2P1VCNHMVHVKVC61XPT7AJ7BV2V13L","23NOK5UFJ51YQJKOVKPQY1CWF0SA77","Approved","Thu May 16 17:04:12 PDT 2013","Wed May 01 17:03:23 PDT 2013","Wed May 01 17:04:12 PDT 2013","Thu May 02 16:18:11 PDT 2013",NA,NA,NA,NA,"0.36363636363636365","0.40641711229946526","","","","0.6844919786096256","","","","0","""complicated""","","",NA,"","","","","","0.12834224598930483","0.5","0.3155080213903743","",NA,"","","","","","","","","","","","","","","0.7700534759358288","","0.8368983957219251",0.836898395721925,"","","","","","","","","",NA,"","","",NA,"","1","0.6310160427807486","","","","","53"
"54","2P1VCNHMVHVKVC61XPT7AJ7BV2V13L","2YUXERSQV66R4INIP88V2AVKIJK2AG","How would you rate this picture? (2 mins)","Short 2-minute rating game.","experiment, psychology, game","$0.15","Wed May 01 16:34:07 PDT 2013",60,0,0,60,"Reviewable","NotReviewed","1 alien-artifacts",600,1296000,"Wed May 08 16:34:07 PDT 2013","http://requester.mturk.com/mturk/manageHIT?HITId=2P1VCNHMVHVKVC61XPT7AJ7BV2V13L","2Y7XRDS4IC1EH6TXFKD17A2MHC9WZX","Approved","Thu May 16 17:04:44 PDT 2013","Wed May 01 17:03:56 PDT 2013","Wed May 01 17:04:44 PDT 2013","Thu May 02 16:18:12 PDT 2013",NA,NA,NA,NA,"","0.18933333333333333","","","","1","","","0.26666666666666666","0","""complicated""","","",NA,"1","","","","0.6746666666666666","0","","","",NA,"","","","","0.232","","0.304","","","","","","","","","","1",NA,"","","","","","","","0","",NA,"","","",NA,"","0.784","","","","","","54"
"55","2P1VCNHMVHVKVC61XPT7AJ7BV2V13L","2YUXERSQV66R4INIP88V2AVKIJK2AG","How would you rate this picture? (2 mins)","Short 2-minute rating game.","experiment, psychology, game","$0.15","Wed May 01 16:34:07 PDT 2013",60,0,0,60,"Reviewable","NotReviewed","1 alien-artifacts",600,1296000,"Wed May 08 16:34:07 PDT 2013","http://requester.mturk.com/mturk/manageHIT?HITId=2P1VCNHMVHVKVC61XPT7AJ7BV2V13L","20SJG5TYMNCWH4A9BEJSYHX5NXSIMU","Approved","Thu May 16 17:04:45 PDT 2013","Wed May 01 17:03:46 PDT 2013","Wed May 01 17:04:45 PDT 2013","Thu May 02 16:18:11 PDT 2013",NA,NA,NA,NA,"0.4919786096256685","0.6042780748663101","","","0.8315508021390374","0.839572192513369","","0.393048128342246","","0.19518716577540107","""complicated""","","",NA,"","","","0.4304812834224599","","","","","",NA,"","","","0.3609625668449198","","","","","","","","","","","","","",NA,"0.6417112299465241","","","","0.7085561497326203","","","","",NA,"","","0.7433155080213903",NA,"","","","","","0.6229946524064172","","55"
"56","2P1VCNHMVHVKVC61XPT7AJ7BV2V13L","2YUXERSQV66R4INIP88V2AVKIJK2AG","How would you rate this picture? (2 mins)","Short 2-minute rating game.","experiment, psychology, game","$0.15","Wed May 01 16:34:07 PDT 2013",60,0,0,60,"Reviewable","NotReviewed","1 alien-artifacts",600,1296000,"Wed May 08 16:34:07 PDT 2013","http://requester.mturk.com/mturk/manageHIT?HITId=2P1VCNHMVHVKVC61XPT7AJ7BV2V13L","2WR9O9Z6KW4Z535HDWILLQ0S9104DK","Approved","Thu May 16 17:06:47 PDT 2013","Wed May 01 17:05:45 PDT 2013","Wed May 01 17:06:47 PDT 2013","Thu May 02 16:18:11 PDT 2013",NA,NA,NA,NA,"","","","","","0.8412698412698413","","","","0","""complicated""","","0.0291005291005291",NA,"","","","","","0.1164021164021164","0.3783068783068783","","",NA,"","","","","","","","","","","0.9894179894179894","","","","","","",NA,"0.7354497354497355","","","","","","","","",NA,"","0.43915343915343913","0.6613756613756614",NA,"0.08994708994708994","","0.373015873015873","","","0.005291005291005291","","56"
"57","2P1VCNHMVHVKVC61XPT7AJ7BV2V13L","2YUXERSQV66R4INIP88V2AVKIJK2AG","How would you rate this picture? (2 mins)","Short 2-minute rating game.","experiment, psychology, game","$0.15","Wed May 01 16:34:07 PDT 2013",60,0,0,60,"Reviewable","NotReviewed","1 alien-artifacts",600,1296000,"Wed May 08 16:34:07 PDT 2013","http://requester.mturk.com/mturk/manageHIT?HITId=2P1VCNHMVHVKVC61XPT7AJ7BV2V13L","26UDIPDOBDDPRIPWGZ4DEXMFP49B05","Approved","Thu May 16 17:06:53 PDT 2013","Wed May 01 17:05:56 PDT 2013","Wed May 01 17:06:53 PDT 2013","Thu May 02 16:18:10 PDT 2013",NA,NA,NA,NA,"","","","","","1","0.40641711229946526","","","0.0855614973262032","""complicated""","","",0.620320855614973,"","","","0.42513368983957217","","","","","",NA,"","0.7245989304812834","","","","","","","","","0.7379679144385026","","","","","","0.5802139037433155",NA,"","","","","","0.5588235294117647","","","0.2887700534759358",NA,"0.6229946524064172","","",NA,"","","","","0.6684491978609626","","","57"
"58","2P1VCNHMVHVKVC61XPT7AJ7BV2V13L","2YUXERSQV66R4INIP88V2AVKIJK2AG","How would you rate this picture? (2 mins)","Short 2-minute rating game.","experiment, psychology, game","$0.15","Wed May 01 16:34:07 PDT 2013",60,0,0,60,"Reviewable","NotReviewed","1 alien-artifacts",600,1296000,"Wed May 08 16:34:07 PDT 2013","http://requester.mturk.com/mturk/manageHIT?HITId=2P1VCNHMVHVKVC61XPT7AJ7BV2V13L","2RSJPPSI2KYE8EYP3ABLS6WNP2FKQV","Approved","Thu May 16 17:07:12 PDT 2013","Wed May 01 17:06:35 PDT 2013","Wed May 01 17:07:12 PDT 2013","Thu May 02 16:18:10 PDT 2013",NA,NA,NA,NA,"","","","","","0.9946666666666667","","","","0.15466666666666667","""complicated""","","0.33066666666666666",NA,"","","","0.037333333333333336","0.29333333333333333","","","","",NA,"","","","0.144","","","","","","","0.7866666666666666","","","","","","",NA,"","","","0.32266666666666666","","","","","0.06933333333333333",NA,"0.2986666666666667","","0.22133333333333333",NA,"","","0.10666666666666667","","","","","58"
"59","2P1VCNHMVHVKVC61XPT7AJ7BV2V13L","2YUXERSQV66R4INIP88V2AVKIJK2AG","How would you rate this picture? (2 mins)","Short 2-minute rating game.","experiment, psychology, game","$0.15","Wed May 01 16:34:07 PDT 2013",60,0,0,60,"Reviewable","NotReviewed","1 alien-artifacts",600,1296000,"Wed May 08 16:34:07 PDT 2013","http://requester.mturk.com/mturk/manageHIT?HITId=2P1VCNHMVHVKVC61XPT7AJ7BV2V13L","2JR6KW4ZMAZH0KXLBVROTNVV3FQ8H5","Approved","Thu May 16 17:07:31 PDT 2013","Wed May 01 17:06:32 PDT 2013","Wed May 01 17:07:31 PDT 2013","Thu May 02 16:18:11 PDT 2013",NA,NA,NA,NA,"","","","","","1","0.42513368983957217","","","0.3983957219251337","""complicated""","","",NA,"","","","","","0.2967914438502674","0.33689839572192515","","",NA,"0.2887700534759358","","","","","","0.5935828877005348","","","","","","","","","","",NA,"","","","","","0.6550802139037433","","0.4197860962566845","",NA,"","","0.24866310160427807",0.802139037433155,"","","","","","","0.4411764705882353","59"
"60","2P1VCNHMVHVKVC61XPT7AJ7BV2V13L","2YUXERSQV66R4INIP88V2AVKIJK2AG","How would you rate this picture? (2 mins)","Short 2-minute rating game.","experiment, psychology, game","$0.15","Wed May 01 16:34:07 PDT 2013",60,0,0,60,"Reviewable","NotReviewed","1 alien-artifacts",600,1296000,"Wed May 08 16:34:07 PDT 2013","http://requester.mturk.com/mturk/manageHIT?HITId=2P1VCNHMVHVKVC61XPT7AJ7BV2V13L","2EB79KQW618NNZ0XBH44BXCIF1IKM8","Approved","Thu May 16 17:07:58 PDT 2013","Wed May 01 17:06:21 PDT 2013","Wed May 01 17:07:58 PDT 2013","Thu May 02 16:18:11 PDT 2013",NA,NA,NA,NA,"","","","","","0.9705882352941176","","","","0.19786096256684493","""complicated""","","",0.473262032085562,"","","","","","","","","",NA,"","","","","0.14705882352941177","","","","0.17647058823529413","","0.7994652406417112","","0.4117647058823529","0.29411764705882354","0.29411764705882354","","",NA,"","0.20053475935828877","","","","0.3716577540106952","0.679144385026738","","",NA,"","","",NA,"","","","","","","","60"
